County,WeekStartDate,Hospitalizations,Age 0-19,Age 20-34,Age 35-49,Age 50-64,Age 65-79,Age 80+,UnknownAge,dtm_updated
Adams County,2020-03-15,1,0,0,0,1,0,0,0,2021/04/12 14:53:23
Adams County,2020-03-22,4,0,0,1,1,2,0,0,2021/04/12 14:53:23
Adams County,2020-04-05,1,0,0,1,0,0,0,0,2021/04/12 14:53:23
Adams County,2020-06-07,1,0,0,0,1,0,0,0,2021/04/12 14:53:23
Adams County,2020-06-14,1,0,0,0,1,0,0,0,2021/04/12 14:53:23
Adams County,2020-06-21,1,0,0,0,0,1,0,0,2021/04/12 14:53:23
Adams County,2020-07-05,1,0,0,0,0,0,1,0,2021/04/12 14:53:23
Adams County,2020-07-12,4,0,0,1,2,1,0,0,2021/04/12 14:53:23
Adams County,2020-07-19,4,0,1,1,0,1,1,0,2021/04/12 14:53:23
Adams County,2020-07-26,1,1,0,0,0,0,0,0,2021/04/12 14:53:23
Adams County,2020-08-02,6,0,0,2,3,1,0,0,2021/04/12 14:53:23
Adams County,2020-08-09,3,0,1,0,0,2,0,0,2021/04/12 14:53:23
Adams County,2020-08-16,3,0,0,0,1,1,1,0,2021/04/12 14:53:23
Adams County,2020-08-23,6,0,0,0,2,3,1,0,2021/04/12 14:53:23
Adams County,2020-08-30,4,0,2,0,1,1,0,0,2021/04/12 14:53:23
Adams County,2020-09-06,5,0,2,0,1,1,1,0,2021/04/12 14:53:23
Adams County,2020-09-13,3,0,0,0,1,1,1,0,2021/04/12 14:53:23
Adams County,2020-09-20,3,0,0,0,2,1,0,0,2021/04/12 14:53:23
Adams County,2020-09-27,2,0,0,0,0,2,0,0,2021/04/12 14:53:23
Adams County,2020-10-04,2,0,0,0,0,0,2,0,2021/04/12 14:53:23
Adams County,2020-10-11,4,0,0,1,0,2,1,0,2021/04/12 14:53:23
Adams County,2020-11-01,3,0,0,0,3,0,0,0,2021/04/12 14:53:23
Adams County,2020-11-08,7,0,0,1,6,0,0,0,2021/04/12 14:53:23
Adams County,2020-11-15,8,1,0,2,1,3,1,0,2021/04/12 14:53:23
Adams County,2020-11-22,1,0,0,0,1,0,0,0,2021/04/12 14:53:23
Adams County,2020-11-29,1,0,0,0,1,0,0,0,2021/04/12 14:53:23
Adams County,2020-12-06,4,1,0,0,2,1,0,0,2021/04/12 14:53:23
Adams County,2020-12-13,4,1,1,0,0,1,1,0,2021/04/12 14:53:23
Adams County,2020-12-20,1,0,0,0,0,1,0,0,2021/04/12 14:53:23
Adams County,2021-01-03,1,0,0,0,1,0,0,0,2021/04/12 14:53:23
Adams County,2021-01-10,1,0,0,0,1,0,0,0,2021/04/12 14:53:23
Adams County,2021-01-24,1,0,0,0,1,0,0,0,2021/04/12 14:53:23
Adams County,2021-01-31,2,0,0,1,1,0,0,0,2021/04/12 14:53:23
Adams County,2021-02-07,1,0,0,0,0,0,1,0,2021/04/12 14:53:23
Adams County,2021-02-14,1,0,0,0,1,0,0,0,2021/04/12 14:53:23
Adams County,2021-03-07,1,0,0,0,0,1,0,0,2021/04/12 14:53:23
Adams County,2021-03-14,2,0,0,0,0,2,0,0,2021/04/12 14:53:23
Asotin County,2020-03-29,1,0,0,0,0,1,0,0,2021/04/12 14:53:23
Asotin County,2020-08-23,3,0,0,0,0,3,0,0,2021/04/12 14:53:23
Asotin County,2020-09-06,2,0,1,0,1,0,0,0,2021/04/12 14:53:23
Asotin County,2020-09-13,1,0,0,0,0,1,0,0,2021/04/12 14:53:23
Asotin County,2020-09-20,3,0,0,0,0,3,0,0,2021/04/12 14:53:23
Asotin County,2020-09-27,4,0,0,0,1,1,2,0,2021/04/12 14:53:23
Asotin County,2020-10-04,1,0,0,1,0,0,0,0,2021/04/12 14:53:23
Asotin County,2020-10-11,6,0,1,1,2,2,0,0,2021/04/12 14:53:23
Asotin County,2020-10-18,2,0,1,0,0,1,0,0,2021/04/12 14:53:23
Asotin County,2020-10-25,5,0,0,0,1,2,2,0,2021/04/12 14:53:23
Asotin County,2020-11-01,1,0,0,1,0,0,0,0,2021/04/12 14:53:23
Asotin County,2020-11-08,2,0,0,0,0,1,1,0,2021/04/12 14:53:23
Asotin County,2020-11-15,3,0,0,0,0,1,2,0,2021/04/12 14:53:23
Asotin County,2020-11-22,7,0,0,2,0,2,3,0,2021/04/12 14:53:23
Asotin County,2020-11-29,2,0,0,0,1,1,0,0,2021/04/12 14:53:23
Asotin County,2020-12-06,3,0,1,0,1,0,1,0,2021/04/12 14:53:23
Asotin County,2020-12-13,5,0,1,0,1,2,1,0,2021/04/12 14:53:23
Asotin County,2020-12-20,4,0,1,0,1,1,1,0,2021/04/12 14:53:23
Asotin County,2020-12-27,3,0,1,0,0,1,1,0,2021/04/12 14:53:23
Asotin County,2021-01-03,3,0,0,1,0,2,0,0,2021/04/12 14:53:23
Asotin County,2021-01-10,1,0,0,0,0,1,0,0,2021/04/12 14:53:23
Asotin County,2021-01-24,2,0,0,0,1,1,0,0,2021/04/12 14:53:23
Asotin County,2021-01-31,1,0,0,0,0,0,1,0,2021/04/12 14:53:23
Asotin County,2021-02-07,3,0,1,0,0,0,2,0,2021/04/12 14:53:23
Asotin County,2021-02-21,1,0,0,0,0,1,0,0,2021/04/12 14:53:23
Asotin County,2021-03-07,2,0,0,0,1,1,0,0,2021/04/12 14:53:23
Asotin County,2021-03-14,1,0,0,0,1,0,0,0,2021/04/12 14:53:23
Benton County,2020-02-23,1,0,0,0,0,1,0,0,2021/04/12 14:53:23
Benton County,2020-03-08,5,0,0,0,0,3,2,0,2021/04/12 14:53:23
Benton County,2020-03-15,6,0,0,0,4,0,2,0,2021/04/12 14:53:23
Benton County,2020-03-22,32,0,0,0,2,12,18,0,2021/04/12 14:53:23
Benton County,2020-03-29,17,0,2,1,3,6,5,0,2021/04/12 14:53:23
Benton County,2020-04-05,11,0,2,2,2,5,0,0,2021/04/12 14:53:23
Benton County,2020-04-12,10,0,1,1,0,6,2,0,2021/04/12 14:53:23
Benton County,2020-04-19,15,0,1,4,3,3,4,0,2021/04/12 14:53:23
Benton County,2020-04-26,13,0,1,0,1,6,5,0,2021/04/12 14:53:23
Benton County,2020-05-03,10,0,0,1,3,3,3,0,2021/04/12 14:53:23
Benton County,2020-05-10,7,0,0,1,3,1,2,0,2021/04/12 14:53:23
Benton County,2020-05-17,7,0,0,1,0,4,2,0,2021/04/12 14:53:23
Benton County,2020-05-24,16,0,2,2,7,2,3,0,2021/04/12 14:53:23
Benton County,2020-05-31,19,0,1,3,7,5,3,0,2021/04/12 14:53:23
Benton County,2020-06-07,16,0,1,5,3,5,2,0,2021/04/12 14:53:23
Benton County,2020-06-14,17,0,0,4,4,6,3,0,2021/04/12 14:53:23
Benton County,2020-06-21,22,0,2,3,4,3,10,0,2021/04/12 14:53:23
Benton County,2020-06-28,22,0,3,1,6,6,6,0,2021/04/12 14:53:23
Benton County,2020-07-05,24,0,2,3,10,7,2,0,2021/04/12 14:53:23
Benton County,2020-07-12,15,1,2,1,4,5,2,0,2021/04/12 14:53:23
Benton County,2020-07-19,15,1,1,2,5,4,2,0,2021/04/12 14:53:23
Benton County,2020-07-26,11,0,1,1,2,6,1,0,2021/04/12 14:53:23
Benton County,2020-08-02,12,0,0,5,3,3,1,0,2021/04/12 14:53:23
Benton County,2020-08-09,6,0,1,1,3,1,0,0,2021/04/12 14:53:23
Benton County,2020-08-16,12,0,2,1,3,3,3,0,2021/04/12 14:53:23
Benton County,2020-08-23,10,1,0,3,2,3,1,0,2021/04/12 14:53:23
Benton County,2020-08-30,8,0,1,2,2,3,0,0,2021/04/12 14:53:23
Benton County,2020-09-06,7,0,1,2,1,2,1,0,2021/04/12 14:53:23
Benton County,2020-09-13,9,0,2,0,3,2,2,0,2021/04/12 14:53:23
Benton County,2020-09-20,8,0,1,2,1,4,0,0,2021/04/12 14:53:23
Benton County,2020-09-27,6,0,0,0,5,1,0,0,2021/04/12 14:53:23
Benton County,2020-10-04,11,0,1,4,2,3,1,0,2021/04/12 14:53:23
Benton County,2020-10-11,6,0,0,1,3,1,1,0,2021/04/12 14:53:23
Benton County,2020-10-18,5,0,0,0,2,1,2,0,2021/04/12 14:53:23
Benton County,2020-10-25,9,0,1,0,1,4,3,0,2021/04/12 14:53:23
Benton County,2020-11-01,11,1,0,2,3,3,2,0,2021/04/12 14:53:23
Benton County,2020-11-08,19,0,1,3,7,4,4,0,2021/04/12 14:53:23
Benton County,2020-11-15,20,2,1,1,6,6,4,0,2021/04/12 14:53:23
Benton County,2020-11-22,27,1,2,3,7,11,3,0,2021/04/12 14:53:23
Benton County,2020-11-29,34,0,2,3,8,15,6,0,2021/04/12 14:53:23
Benton County,2020-12-06,28,0,4,1,9,11,3,0,2021/04/12 14:53:23
Benton County,2020-12-13,28,0,2,4,6,11,5,0,2021/04/12 14:53:23
Benton County,2020-12-20,19,0,3,1,4,7,4,0,2021/04/12 14:53:23
Benton County,2020-12-27,21,0,1,2,7,8,3,0,2021/04/12 14:53:23
Benton County,2021-01-03,37,3,2,4,7,9,12,0,2021/04/12 14:53:23
Benton County,2021-01-10,25,0,4,2,7,9,3,0,2021/04/12 14:53:23
Benton County,2021-01-17,23,2,4,4,1,7,5,0,2021/04/12 14:53:23
Benton County,2021-01-24,26,3,3,0,7,10,3,0,2021/04/12 14:53:23
Benton County,2021-01-31,12,1,0,2,2,2,5,0,2021/04/12 14:53:23
Benton County,2021-02-07,10,0,0,3,0,4,3,0,2021/04/12 14:53:23
Benton County,2021-02-14,10,0,0,4,0,3,3,0,2021/04/12 14:53:23
Benton County,2021-02-21,10,1,2,0,6,0,1,0,2021/04/12 14:53:23
Benton County,2021-02-28,3,0,0,0,1,1,1,0,2021/04/12 14:53:23
Benton County,2021-03-07,7,0,2,0,1,4,0,0,2021/04/12 14:53:23
Benton County,2021-03-14,7,1,1,3,2,0,0,0,2021/04/12 14:53:23
Benton County,2021-03-21,4,1,1,1,0,1,0,0,2021/04/12 14:53:23
Benton County,2021-03-28,6,0,1,0,2,3,0,0,2021/04/12 14:53:23
Benton County,2021-04-04,6,0,0,2,3,1,0,0,2021/04/12 14:53:23
Chelan County,2020-03-15,4,0,0,0,1,1,2,0,2021/04/12 14:53:23
Chelan County,2020-03-22,1,0,0,0,0,0,1,0,2021/04/12 14:53:23
Chelan County,2020-03-29,2,0,0,0,1,1,0,0,2021/04/12 14:53:23
Chelan County,2020-04-05,4,0,2,0,1,0,1,0,2021/04/12 14:53:23
Chelan County,2020-04-26,2,0,0,1,1,0,0,0,2021/04/12 14:53:23
Chelan County,2020-05-03,1,0,0,1,0,0,0,0,2021/04/12 14:53:23
Chelan County,2020-05-10,1,0,0,0,1,0,0,0,2021/04/12 14:53:23
Chelan County,2020-05-24,3,0,0,1,2,0,0,0,2021/04/12 14:53:23
Chelan County,2020-06-14,1,0,0,1,0,0,0,0,2021/04/12 14:53:23
Chelan County,2020-06-28,3,0,0,2,1,0,0,0,2021/04/12 14:53:23
Chelan County,2020-07-05,5,0,1,1,0,3,0,0,2021/04/12 14:53:23
Chelan County,2020-07-12,4,0,0,1,2,1,0,0,2021/04/12 14:53:23
Chelan County,2020-07-19,5,0,0,2,3,0,0,0,2021/04/12 14:53:23
Chelan County,2020-07-26,8,1,2,1,1,3,0,0,2021/04/12 14:53:23
Chelan County,2020-08-02,7,0,0,2,3,2,0,0,2021/04/12 14:53:23
Chelan County,2020-08-09,8,1,0,1,2,4,0,0,2021/04/12 14:53:23
Chelan County,2020-08-16,10,0,2,1,3,4,0,0,2021/04/12 14:53:23
Chelan County,2020-08-23,6,0,3,1,1,0,1,0,2021/04/12 14:53:23
Chelan County,2020-08-30,4,0,1,0,1,1,1,0,2021/04/12 14:53:23
Chelan County,2020-09-06,3,0,1,0,1,1,0,0,2021/04/12 14:53:23
Chelan County,2020-09-13,4,0,0,2,2,0,0,0,2021/04/12 14:53:23
Chelan County,2020-09-20,2,0,0,1,0,0,1,0,2021/04/12 14:53:23
Chelan County,2020-09-27,1,0,0,1,0,0,0,0,2021/04/12 14:53:23
Chelan County,2020-10-04,1,0,0,0,1,0,0,0,2021/04/12 14:53:23
Chelan County,2020-10-11,4,0,2,0,0,2,0,0,2021/04/12 14:53:23
Chelan County,2020-10-18,4,1,0,0,2,1,0,0,2021/04/12 14:53:23
Chelan County,2020-10-25,5,0,0,0,1,2,2,0,2021/04/12 14:53:23
Chelan County,2020-11-01,8,1,0,3,3,1,0,0,2021/04/12 14:53:23
Chelan County,2020-11-08,3,0,0,1,1,1,0,0,2021/04/12 14:53:23
Chelan County,2020-11-15,10,0,0,2,0,8,0,0,2021/04/12 14:53:23
Chelan County,2020-11-22,16,0,1,2,8,2,3,0,2021/04/12 14:53:23
Chelan County,2020-11-29,18,1,1,1,2,8,5,0,2021/04/12 14:53:23
Chelan County,2020-12-06,21,0,1,2,3,9,6,0,2021/04/12 14:53:23
Chelan County,2020-12-13,11,1,2,1,1,2,4,0,2021/04/12 14:53:23
Chelan County,2020-12-20,10,0,3,1,2,2,2,0,2021/04/12 14:53:23
Chelan County,2020-12-27,7,0,1,0,2,3,1,0,2021/04/12 14:53:23
Chelan County,2021-01-03,14,0,1,2,1,5,5,0,2021/04/12 14:53:23
Chelan County,2021-01-10,11,0,1,1,2,4,3,0,2021/04/12 14:53:23
Chelan County,2021-01-17,10,0,1,2,2,2,3,0,2021/04/12 14:53:23
Chelan County,2021-01-24,7,0,0,1,4,2,0,0,2021/04/12 14:53:23
Chelan County,2021-01-31,8,0,0,0,2,4,2,0,2021/04/12 14:53:23
Chelan County,2021-02-14,4,0,1,0,1,2,0,0,2021/04/12 14:53:23
Chelan County,2021-02-28,3,0,1,1,0,1,0,0,2021/04/12 14:53:23
Chelan County,2021-03-07,1,0,0,0,0,1,0,0,2021/04/12 14:53:23
Chelan County,2021-03-14,2,0,0,1,0,0,1,0,2021/04/12 14:53:23
Chelan County,2021-03-21,4,0,0,2,0,2,0,0,2021/04/12 14:53:23
Chelan County,2021-03-28,6,0,2,0,1,3,0,0,2021/04/12 14:53:23
Chelan County,2021-04-04,5,0,0,2,2,0,1,0,2021/04/12 14:53:23
Clallam County,2020-03-15,1,0,0,0,0,1,0,0,2021/04/12 14:53:23
Clallam County,2020-04-05,1,0,1,0,0,0,0,0,2021/04/12 14:53:23
Clallam County,2020-05-31,1,0,0,0,0,0,1,0,2021/04/12 14:53:23
Clallam County,2020-07-26,1,0,0,0,0,0,1,0,2021/04/12 14:53:23
Clallam County,2020-08-30,1,0,1,0,0,0,0,0,2021/04/12 14:53:23
Clallam County,2020-09-13,2,0,0,0,1,1,0,0,2021/04/12 14:53:23
Clallam County,2020-09-27,2,0,0,0,0,1,1,0,2021/04/12 14:53:23
Clallam County,2020-10-18,3,0,1,0,0,2,0,0,2021/04/12 14:53:23
Clallam County,2020-11-01,3,0,0,0,0,1,2,0,2021/04/12 14:53:23
Clallam County,2020-11-15,3,0,0,2,0,1,0,0,2021/04/12 14:53:23
Clallam County,2020-11-22,2,0,0,1,0,1,0,0,2021/04/12 14:53:23
Clallam County,2020-11-29,3,0,0,0,1,2,0,0,2021/04/12 14:53:23
Clallam County,2020-12-06,2,0,0,1,0,1,0,0,2021/04/12 14:53:23
Clallam County,2020-12-13,1,0,0,0,0,1,0,0,2021/04/12 14:53:23
Clallam County,2020-12-20,1,0,1,0,0,0,0,0,2021/04/12 14:53:23
Clallam County,2020-12-27,1,0,0,0,0,1,0,0,2021/04/12 14:53:23
Clallam County,2021-01-03,2,0,0,0,1,0,1,0,2021/04/12 14:53:23
Clallam County,2021-01-10,3,0,0,0,1,0,2,0,2021/04/12 14:53:23
Clallam County,2021-01-17,4,0,1,1,0,1,1,0,2021/04/12 14:53:23
Clallam County,2021-01-24,2,0,0,0,0,0,2,0,2021/04/12 14:53:23
Clallam County,2021-01-31,3,0,0,2,0,1,0,0,2021/04/12 14:53:23
Clallam County,2021-02-21,1,0,1,0,0,0,0,0,2021/04/12 14:53:23
Clallam County,2021-04-04,1,0,0,0,1,0,0,0,2021/04/12 14:53:23
Clark County,2020-03-01,2,0,0,0,0,1,1,0,2021/04/12 14:53:23
Clark County,2020-03-08,1,0,0,0,0,0,1,0,2021/04/12 14:53:23
Clark County,2020-03-15,8,0,1,1,1,1,4,0,2021/04/12 14:53:23
Clark County,2020-03-22,21,0,2,4,7,6,2,0,2021/04/12 14:53:23
Clark County,2020-03-29,15,0,1,1,8,3,2,0,2021/04/12 14:53:23
Clark County,2020-04-05,16,0,0,2,2,6,6,0,2021/04/12 14:53:23
Clark County,2020-04-12,8,0,0,1,2,2,3,0,2021/04/12 14:53:23
Clark County,2020-04-19,6,0,1,0,1,2,2,0,2021/04/12 14:53:23
Clark County,2020-04-26,1,0,0,0,0,1,0,0,2021/04/12 14:53:23
Clark County,2020-05-03,3,0,1,2,0,0,0,0,2021/04/12 14:53:23
Clark County,2020-05-10,2,0,0,1,1,0,0,0,2021/04/12 14:53:23
Clark County,2020-05-17,7,0,1,1,3,2,0,0,2021/04/12 14:53:23
Clark County,2020-05-24,3,0,1,1,0,0,1,0,2021/04/12 14:53:23
Clark County,2020-05-31,1,0,1,0,0,0,0,0,2021/04/12 14:53:23
Clark County,2020-06-07,6,0,1,2,2,0,1,0,2021/04/12 14:53:23
Clark County,2020-06-14,2,0,0,0,2,0,0,0,2021/04/12 14:53:23
Clark County,2020-06-21,7,0,3,1,2,1,0,0,2021/04/12 14:53:23
Clark County,2020-06-28,9,0,0,2,4,1,2,0,2021/04/12 14:53:23
Clark County,2020-07-05,14,0,1,3,3,3,4,0,2021/04/12 14:53:23
Clark County,2020-07-12,10,0,0,2,3,4,1,0,2021/04/12 14:53:23
Clark County,2020-07-19,13,0,1,3,5,0,4,0,2021/04/12 14:53:23
Clark County,2020-07-26,17,0,1,1,5,7,3,0,2021/04/12 14:53:23
Clark County,2020-08-02,11,0,1,2,3,5,0,0,2021/04/12 14:53:23
Clark County,2020-08-09,20,0,4,1,6,7,2,0,2021/04/12 14:53:23
Clark County,2020-08-16,14,0,1,1,4,4,4,0,2021/04/12 14:53:23
Clark County,2020-08-23,13,0,0,2,3,1,7,0,2021/04/12 14:53:23
Clark County,2020-08-30,14,0,0,5,1,6,2,0,2021/04/12 14:53:23
Clark County,2020-09-06,12,0,0,1,1,7,3,0,2021/04/12 14:53:23
Clark County,2020-09-13,20,0,7,1,4,7,1,0,2021/04/12 14:53:23
Clark County,2020-09-20,16,0,1,2,5,7,1,0,2021/04/12 14:53:23
Clark County,2020-09-27,16,0,0,6,4,5,1,0,2021/04/12 14:53:23
Clark County,2020-10-04,13,0,1,3,3,2,4,0,2021/04/12 14:53:23
Clark County,2020-10-11,19,0,1,4,5,5,4,0,2021/04/12 14:53:23
Clark County,2020-10-18,21,1,2,4,1,10,3,0,2021/04/12 14:53:23
Clark County,2020-10-25,31,0,2,6,6,7,10,0,2021/04/12 14:53:23
Clark County,2020-11-01,30,0,3,4,8,9,6,0,2021/04/12 14:53:23
Clark County,2020-11-08,39,0,4,4,9,15,7,0,2021/04/12 14:53:23
Clark County,2020-11-15,48,0,2,7,12,19,8,0,2021/04/12 14:53:23
Clark County,2020-11-22,34,1,5,9,7,9,3,0,2021/04/12 14:53:23
Clark County,2020-11-29,48,0,4,10,18,10,6,0,2021/04/12 14:53:23
Clark County,2020-12-06,38,1,6,7,11,7,6,0,2021/04/12 14:53:23
Clark County,2020-12-13,40,1,1,9,14,6,9,0,2021/04/12 14:53:23
Clark County,2020-12-20,43,1,4,3,5,13,17,0,2021/04/12 14:53:23
Clark County,2020-12-27,43,1,2,2,12,19,7,0,2021/04/12 14:53:23
Clark County,2021-01-03,51,0,4,6,10,22,9,0,2021/04/12 14:53:23
Clark County,2021-01-10,49,2,1,5,13,13,15,0,2021/04/12 14:53:23
Clark County,2021-01-17,42,1,3,2,8,21,7,0,2021/04/12 14:53:23
Clark County,2021-01-24,33,0,3,7,8,8,7,0,2021/04/12 14:53:23
Clark County,2021-01-31,27,1,1,4,7,6,8,0,2021/04/12 14:53:23
Clark County,2021-02-07,17,0,1,3,3,5,5,0,2021/04/12 14:53:23
Clark County,2021-02-14,14,0,2,1,5,3,3,0,2021/04/12 14:53:23
Clark County,2021-02-21,14,0,1,1,2,5,5,0,2021/04/12 14:53:23
Clark County,2021-02-28,13,0,2,2,4,2,3,0,2021/04/12 14:53:23
Clark County,2021-03-07,14,0,1,0,6,3,4,0,2021/04/12 14:53:23
Clark County,2021-03-14,16,0,2,3,1,5,5,0,2021/04/12 14:53:23
Clark County,2021-03-21,14,0,2,2,4,5,1,0,2021/04/12 14:53:23
Clark County,2021-03-28,8,0,1,0,0,5,2,0,2021/04/12 14:53:23
Clark County,2021-04-04,9,1,1,0,4,2,1,0,2021/04/12 14:53:23
Columbia County,2020-06-21,2,1,0,0,1,0,0,0,2021/04/12 14:53:23
Columbia County,2020-07-19,1,0,0,0,0,1,0,0,2021/04/12 14:53:23
Columbia County,2020-11-01,1,0,0,0,1,0,0,0,2021/04/12 14:53:23
Columbia County,2020-11-15,1,0,0,0,0,0,1,0,2021/04/12 14:53:23
Columbia County,2020-11-22,1,0,0,0,0,0,1,0,2021/04/12 14:53:23
Columbia County,2020-11-29,3,0,0,0,0,2,1,0,2021/04/12 14:53:23
Columbia County,2020-12-13,2,0,0,0,0,1,1,0,2021/04/12 14:53:23
Columbia County,2020-12-20,1,0,1,0,0,0,0,0,2021/04/12 14:53:23
Columbia County,2020-12-27,1,0,0,0,0,1,0,0,2021/04/12 14:53:23
Columbia County,2021-01-03,1,0,0,0,1,0,0,0,2021/04/12 14:53:23
Columbia County,2021-01-24,1,0,0,0,0,0,1,0,2021/04/12 14:53:23
Columbia County,2021-02-07,1,0,0,0,0,0,1,0,2021/04/12 14:53:23
Cowlitz County,2020-03-08,1,0,0,0,0,1,0,0,2021/04/12 14:53:23
Cowlitz County,2020-03-15,4,0,0,0,0,4,0,0,2021/04/12 14:53:23
Cowlitz County,2020-03-22,1,0,0,0,0,0,1,0,2021/04/12 14:53:23
Cowlitz County,2020-03-29,2,0,0,1,0,1,0,0,2021/04/12 14:53:23
Cowlitz County,2020-04-05,2,0,1,0,0,1,0,0,2021/04/12 14:53:23
Cowlitz County,2020-04-12,1,0,0,0,1,0,0,0,2021/04/12 14:53:23
Cowlitz County,2020-04-19,1,0,0,0,0,1,0,0,2021/04/12 14:53:23
Cowlitz County,2020-05-31,2,0,0,0,2,0,0,0,2021/04/12 14:53:23
Cowlitz County,2020-06-07,1,0,0,0,0,0,1,0,2021/04/12 14:53:23
Cowlitz County,2020-06-14,2,0,1,0,1,0,0,0,2021/04/12 14:53:23
Cowlitz County,2020-06-21,2,0,0,0,1,1,0,0,2021/04/12 14:53:23
Cowlitz County,2020-06-28,2,0,1,0,0,0,1,0,2021/04/12 14:53:23
Cowlitz County,2020-07-05,4,0,1,1,0,1,1,0,2021/04/12 14:53:23
Cowlitz County,2020-07-12,7,0,2,2,1,2,0,0,2021/04/12 14:53:23
Cowlitz County,2020-07-26,1,0,0,0,1,0,0,0,2021/04/12 14:53:23
Cowlitz County,2020-08-09,1,0,0,0,0,1,0,0,2021/04/12 14:53:23
Cowlitz County,2020-08-16,2,0,0,2,0,0,0,0,2021/04/12 14:53:23
Cowlitz County,2020-08-23,1,0,0,0,0,1,0,0,2021/04/12 14:53:23
Cowlitz County,2020-09-06,1,0,0,0,0,0,1,0,2021/04/12 14:53:23
Cowlitz County,2020-09-13,1,0,0,0,0,0,1,0,2021/04/12 14:53:23
Cowlitz County,2020-09-20,2,0,0,0,0,0,2,0,2021/04/12 14:53:23
Cowlitz County,2020-10-11,3,0,0,0,1,2,0,0,2021/04/12 14:53:23
Cowlitz County,2020-10-18,2,0,1,0,0,1,0,0,2021/04/12 14:53:23
Cowlitz County,2020-10-25,2,0,1,0,0,1,0,0,2021/04/12 14:53:23
Cowlitz County,2020-11-01,4,0,1,0,1,1,1,0,2021/04/12 14:53:23
Cowlitz County,2020-11-08,9,0,1,0,4,3,1,0,2021/04/12 14:53:23
Cowlitz County,2020-11-15,14,0,1,3,1,7,2,0,2021/04/12 14:53:23
Cowlitz County,2020-11-22,15,0,3,1,4,4,3,0,2021/04/12 14:53:23
Cowlitz County,2020-11-29,8,0,0,1,2,2,3,0,2021/04/12 14:53:23
Cowlitz County,2020-12-06,11,0,2,4,2,2,1,0,2021/04/12 14:53:23
Cowlitz County,2020-12-13,12,0,1,2,3,4,2,0,2021/04/12 14:53:23
Cowlitz County,2020-12-20,12,0,1,1,3,6,1,0,2021/04/12 14:53:23
Cowlitz County,2020-12-27,7,0,0,3,2,1,1,0,2021/04/12 14:53:23
Cowlitz County,2021-01-03,10,0,2,0,2,4,2,0,2021/04/12 14:53:23
Cowlitz County,2021-01-10,7,0,0,1,2,3,1,0,2021/04/12 14:53:23
Cowlitz County,2021-01-17,7,0,1,0,1,3,2,0,2021/04/12 14:53:23
Cowlitz County,2021-01-24,12,0,1,1,3,6,1,0,2021/04/12 14:53:23
Cowlitz County,2021-01-31,8,0,0,2,1,2,3,0,2021/04/12 14:53:23
Cowlitz County,2021-02-07,10,0,0,2,2,3,3,0,2021/04/12 14:53:23
Cowlitz County,2021-02-14,3,0,0,0,2,1,0,0,2021/04/12 14:53:23
Cowlitz County,2021-02-21,9,0,0,0,2,6,1,0,2021/04/12 14:53:23
Cowlitz County,2021-02-28,7,0,0,2,3,1,1,0,2021/04/12 14:53:23
Cowlitz County,2021-03-07,3,0,1,0,0,2,0,0,2021/04/12 14:53:23
Cowlitz County,2021-03-14,6,0,0,0,2,4,0,0,2021/04/12 14:53:23
Cowlitz County,2021-03-21,6,0,1,0,1,2,2,0,2021/04/12 14:53:23
Cowlitz County,2021-03-28,8,0,0,1,3,4,0,0,2021/04/12 14:53:23
Cowlitz County,2021-04-04,5,0,0,2,2,1,0,0,2021/04/12 14:53:23
Douglas County,2020-03-22,3,0,0,0,1,1,0,1,2021/04/12 14:53:23
Douglas County,2020-04-05,1,0,1,0,0,0,0,0,2021/04/12 14:53:23
Douglas County,2020-04-12,2,0,0,2,0,0,0,0,2021/04/12 14:53:23
Douglas County,2020-04-26,4,0,0,0,0,2,2,0,2021/04/12 14:53:23
Douglas County,2020-05-17,1,0,0,0,1,0,0,0,2021/04/12 14:53:23
Douglas County,2020-06-28,2,1,0,0,1,0,0,0,2021/04/12 14:53:23
Douglas County,2020-07-05,7,2,1,2,2,0,0,0,2021/04/12 14:53:23
Douglas County,2020-07-12,4,0,0,2,2,0,0,0,2021/04/12 14:53:23
Douglas County,2020-07-19,6,0,1,2,2,1,0,0,2021/04/12 14:53:23
Douglas County,2020-07-26,6,0,1,2,0,3,0,0,2021/04/12 14:53:23
Douglas County,2020-08-02,10,0,0,2,2,4,2,0,2021/04/12 14:53:23
Douglas County,2020-08-09,6,0,1,0,2,1,2,0,2021/04/12 14:53:23
Douglas County,2020-08-16,3,0,0,2,0,1,0,0,2021/04/12 14:53:23
Douglas County,2020-08-23,2,0,0,1,0,0,1,0,2021/04/12 14:53:23
Douglas County,2020-08-30,2,0,2,0,0,0,0,0,2021/04/12 14:53:23
Douglas County,2020-09-06,2,0,0,0,1,1,0,0,2021/04/12 14:53:23
Douglas County,2020-09-13,1,0,0,0,0,1,0,0,2021/04/12 14:53:23
Douglas County,2020-09-20,1,0,0,0,0,1,0,0,2021/04/12 14:53:23
Douglas County,2020-09-27,2,1,0,0,1,0,0,0,2021/04/12 14:53:23
Douglas County,2020-10-04,3,0,0,1,0,2,0,0,2021/04/12 14:53:23
Douglas County,2020-10-18,2,0,0,0,1,0,1,0,2021/04/12 14:53:23
Douglas County,2020-11-01,6,0,0,0,2,3,1,0,2021/04/12 14:53:23
Douglas County,2020-11-08,5,0,0,1,1,1,2,0,2021/04/12 14:53:23
Douglas County,2020-11-15,3,0,1,0,1,1,0,0,2021/04/12 14:53:23
Douglas County,2020-11-22,3,0,1,0,0,1,1,0,2021/04/12 14:53:23
Douglas County,2020-11-29,5,0,0,1,1,3,0,0,2021/04/12 14:53:23
Douglas County,2020-12-06,3,0,0,0,0,1,2,0,2021/04/12 14:53:23
Douglas County,2020-12-13,5,0,1,1,0,3,0,0,2021/04/12 14:53:23
Douglas County,2020-12-20,8,0,1,1,3,2,1,0,2021/04/12 14:53:23
Douglas County,2020-12-27,2,0,0,1,1,0,0,0,2021/04/12 14:53:23
Douglas County,2021-01-03,4,0,0,0,2,1,1,0,2021/04/12 14:53:23
Douglas County,2021-01-10,4,0,1,1,1,0,1,0,2021/04/12 14:53:23
Douglas County,2021-01-17,2,0,1,0,1,0,0,0,2021/04/12 14:53:23
Douglas County,2021-01-24,2,0,0,1,0,0,1,0,2021/04/12 14:53:23
Douglas County,2021-01-31,1,0,1,0,0,0,0,0,2021/04/12 14:53:23
Douglas County,2021-02-07,1,0,0,0,0,1,0,0,2021/04/12 14:53:23
Douglas County,2021-02-14,2,1,0,0,0,1,0,0,2021/04/12 14:53:23
Douglas County,2021-02-21,2,0,0,0,0,2,0,0,2021/04/12 14:53:23
Douglas County,2021-03-07,2,0,1,0,1,0,0,0,2021/04/12 14:53:23
Douglas County,2021-03-14,7,0,0,1,1,1,4,0,2021/04/12 14:53:23
Douglas County,2021-03-21,1,0,0,1,0,0,0,0,2021/04/12 14:53:23
Douglas County,2021-03-28,3,0,0,2,0,1,0,0,2021/04/12 14:53:23
Ferry County,2020-03-22,1,0,0,0,1,0,0,0,2021/04/12 14:53:23
Ferry County,2020-08-16,1,0,1,0,0,0,0,0,2021/04/12 14:53:23
Ferry County,2020-10-18,1,0,0,0,0,1,0,0,2021/04/12 14:53:23
Ferry County,2020-11-29,2,0,0,0,1,1,0,0,2021/04/12 14:53:23
Ferry County,2020-12-06,1,0,0,0,0,0,1,0,2021/04/12 14:53:23
Ferry County,2020-12-13,2,0,0,0,1,0,1,0,2021/04/12 14:53:23
Ferry County,2020-12-27,2,0,0,0,1,1,0,0,2021/04/12 14:53:23
Ferry County,2021-01-03,2,0,0,1,0,0,1,0,2021/04/12 14:53:23
Ferry County,2021-01-17,1,0,0,0,1,0,0,0,2021/04/12 14:53:23
Franklin County,2020-03-08,1,0,1,0,0,0,0,0,2021/04/12 14:53:23
Franklin County,2020-03-15,4,0,1,0,1,2,0,0,2021/04/12 14:53:23
Franklin County,2020-03-22,4,0,0,0,2,1,1,0,2021/04/12 14:53:23
Franklin County,2020-03-29,2,0,0,1,0,0,1,0,2021/04/12 14:53:23
Franklin County,2020-04-05,7,0,0,1,4,2,0,0,2021/04/12 14:53:23
Franklin County,2020-04-12,10,0,1,0,5,3,1,0,2021/04/12 14:53:23
Franklin County,2020-04-19,10,0,0,1,2,4,3,0,2021/04/12 14:53:23
Franklin County,2020-04-26,6,0,1,1,2,1,1,0,2021/04/12 14:53:23
Franklin County,2020-05-03,8,0,1,1,2,2,2,0,2021/04/12 14:53:23
Franklin County,2020-05-10,8,0,2,4,0,2,0,0,2021/04/12 14:53:23
Franklin County,2020-05-17,3,0,1,0,1,1,0,0,2021/04/12 14:53:23
Franklin County,2020-05-24,11,2,0,1,7,1,0,0,2021/04/12 14:53:23
Franklin County,2020-05-31,11,0,0,0,5,5,1,0,2021/04/12 14:53:23
Franklin County,2020-06-07,18,1,0,3,6,7,1,0,2021/04/12 14:53:23
Franklin County,2020-06-14,28,1,2,8,6,10,1,0,2021/04/12 14:53:23
Franklin County,2020-06-21,20,1,3,6,7,2,1,0,2021/04/12 14:53:23
Franklin County,2020-06-28,23,0,1,4,4,9,5,0,2021/04/12 14:53:23
Franklin County,2020-07-05,19,0,3,7,6,3,0,0,2021/04/12 14:53:23
Franklin County,2020-07-12,23,1,3,7,5,7,0,0,2021/04/12 14:53:23
Franklin County,2020-07-19,12,0,1,1,3,4,3,0,2021/04/12 14:53:23
Franklin County,2020-07-26,8,0,2,4,0,1,1,0,2021/04/12 14:53:23
Franklin County,2020-08-02,6,0,1,2,1,2,0,0,2021/04/12 14:53:23
Franklin County,2020-08-09,6,0,0,1,3,1,1,0,2021/04/12 14:53:23
Franklin County,2020-08-16,6,0,0,1,4,1,0,0,2021/04/12 14:53:23
Franklin County,2020-08-23,8,1,1,2,1,1,2,0,2021/04/12 14:53:23
Franklin County,2020-08-30,9,0,1,0,2,5,1,0,2021/04/12 14:53:23
Franklin County,2020-09-06,11,0,1,0,7,2,1,0,2021/04/12 14:53:23
Franklin County,2020-09-13,12,0,3,3,3,1,2,0,2021/04/12 14:53:23
Franklin County,2020-09-20,3,0,1,1,1,0,0,0,2021/04/12 14:53:23
Franklin County,2020-09-27,5,0,2,0,1,2,0,0,2021/04/12 14:53:23
Franklin County,2020-10-04,5,0,1,2,2,0,0,0,2021/04/12 14:53:23
Franklin County,2020-10-11,2,1,1,0,0,0,0,0,2021/04/12 14:53:23
Franklin County,2020-10-18,6,0,0,2,1,3,0,0,2021/04/12 14:53:23
Franklin County,2020-10-25,8,0,1,3,1,3,0,0,2021/04/12 14:53:23
Franklin County,2020-11-01,9,0,0,1,2,5,1,0,2021/04/12 14:53:23
Franklin County,2020-11-08,7,1,0,1,3,2,0,0,2021/04/12 14:53:23
Franklin County,2020-11-15,20,0,3,1,5,7,4,0,2021/04/12 14:53:23
Franklin County,2020-11-22,19,0,1,0,7,8,3,0,2021/04/12 14:53:23
Franklin County,2020-11-29,19,0,1,7,6,4,1,0,2021/04/12 14:53:23
Franklin County,2020-12-06,17,1,1,3,4,4,4,0,2021/04/12 14:53:23
Franklin County,2020-12-13,19,0,4,4,6,5,0,0,2021/04/12 14:53:23
Franklin County,2020-12-20,15,0,3,5,4,3,0,0,2021/04/12 14:53:23
Franklin County,2020-12-27,6,0,0,1,2,2,1,0,2021/04/12 14:53:23
Franklin County,2021-01-03,6,0,0,1,0,3,2,0,2021/04/12 14:53:23
Franklin County,2021-01-10,10,0,0,2,5,3,0,0,2021/04/12 14:53:23
Franklin County,2021-01-17,6,0,0,0,1,3,2,0,2021/04/12 14:53:23
Franklin County,2021-01-24,6,0,1,0,2,2,1,0,2021/04/12 14:53:23
Franklin County,2021-01-31,5,1,0,1,1,0,2,0,2021/04/12 14:53:23
Franklin County,2021-02-07,8,0,0,2,1,5,0,0,2021/04/12 14:53:23
Franklin County,2021-02-14,2,0,0,1,1,0,0,0,2021/04/12 14:53:23
Franklin County,2021-02-21,2,0,0,0,0,0,2,0,2021/04/12 14:53:23
Franklin County,2021-02-28,6,0,0,0,0,5,1,0,2021/04/12 14:53:23
Franklin County,2021-03-07,2,0,0,1,1,0,0,0,2021/04/12 14:53:23
Franklin County,2021-03-14,2,0,0,2,0,0,0,0,2021/04/12 14:53:23
Franklin County,2021-03-21,4,0,1,2,1,0,0,0,2021/04/12 14:53:23
Franklin County,2021-03-28,3,0,0,0,2,1,0,0,2021/04/12 14:53:23
Franklin County,2021-04-04,2,0,0,0,2,0,0,0,2021/04/12 14:53:23
Garfield County,2020-10-25,1,0,0,0,0,1,0,0,2021/04/12 14:53:23
Garfield County,2020-11-01,1,0,0,0,0,1,0,0,2021/04/12 14:53:23
Garfield County,2020-11-15,1,0,0,0,0,0,1,0,2021/04/12 14:53:23
Garfield County,2020-12-06,1,0,0,0,0,1,0,0,2021/04/12 14:53:23
Garfield County,2020-12-13,1,0,0,0,0,0,1,0,2021/04/12 14:53:23
Garfield County,2020-12-20,2,0,0,0,0,1,1,0,2021/04/12 14:53:23
Garfield County,2020-12-27,3,0,0,0,1,0,2,0,2021/04/12 14:53:23
Garfield County,2021-01-03,2,0,0,0,0,0,2,0,2021/04/12 14:53:23
Grant County,2020-02-23,1,0,0,0,0,0,1,0,2021/04/12 14:53:23
Grant County,2020-03-01,1,0,0,1,0,0,0,0,2021/04/12 14:53:23
Grant County,2020-03-08,1,0,0,1,0,0,0,0,2021/04/12 14:53:23
Grant County,2020-03-15,4,0,1,0,3,0,0,0,2021/04/12 14:53:23
Grant County,2020-03-22,7,0,0,1,4,2,0,0,2021/04/12 14:53:23
Grant County,2020-03-29,5,0,1,1,0,3,0,0,2021/04/12 14:53:23
Grant County,2020-04-05,3,0,0,0,1,2,0,0,2021/04/12 14:53:23
Grant County,2020-04-26,1,0,0,1,0,0,0,0,2021/04/12 14:53:23
Grant County,2020-05-17,1,0,0,0,1,0,0,0,2021/04/12 14:53:23
Grant County,2020-05-31,4,0,1,0,1,0,2,0,2021/04/12 14:53:23
Grant County,2020-06-07,2,0,0,1,0,1,0,0,2021/04/12 14:53:23
Grant County,2020-06-14,6,0,1,1,0,1,3,0,2021/04/12 14:53:23
Grant County,2020-06-21,12,0,2,1,5,2,2,0,2021/04/12 14:53:23
Grant County,2020-06-28,9,0,1,3,2,2,1,0,2021/04/12 14:53:23
Grant County,2020-07-05,9,0,0,0,3,2,4,0,2021/04/12 14:53:23
Grant County,2020-07-12,6,0,2,1,2,1,0,0,2021/04/12 14:53:23
Grant County,2020-07-19,6,0,1,0,2,3,0,0,2021/04/12 14:53:23
Grant County,2020-07-26,4,0,0,2,2,0,0,0,2021/04/12 14:53:23
Grant County,2020-08-02,10,0,0,2,5,1,2,0,2021/04/12 14:53:23
Grant County,2020-08-09,9,0,0,3,2,4,0,0,2021/04/12 14:53:23
Grant County,2020-08-16,13,0,4,1,3,3,2,0,2021/04/12 14:53:23
Grant County,2020-08-23,14,0,1,3,3,5,2,0,2021/04/12 14:53:23
Grant County,2020-08-30,4,0,0,0,1,2,1,0,2021/04/12 14:53:23
Grant County,2020-09-06,6,0,1,2,2,1,0,0,2021/04/12 14:53:23
Grant County,2020-09-13,7,1,1,0,2,0,3,0,2021/04/12 14:53:23
Grant County,2020-09-20,7,0,0,2,2,1,2,0,2021/04/12 14:53:23
Grant County,2020-09-27,2,0,1,0,0,1,0,0,2021/04/12 14:53:23
Grant County,2020-10-04,9,0,0,0,1,8,0,0,2021/04/12 14:53:23
Grant County,2020-10-11,11,0,1,1,4,3,2,0,2021/04/12 14:53:23
Grant County,2020-10-18,5,0,2,1,1,1,0,0,2021/04/12 14:53:23
Grant County,2020-10-25,5,0,0,3,0,2,0,0,2021/04/12 14:53:23
Grant County,2020-11-01,6,0,1,3,2,0,0,0,2021/04/12 14:53:23
Grant County,2020-11-08,9,0,3,0,2,1,3,0,2021/04/12 14:53:23
Grant County,2020-11-15,7,1,1,1,2,1,1,0,2021/04/12 14:53:23
Grant County,2020-11-22,13,1,2,2,2,3,3,0,2021/04/12 14:53:23
Grant County,2020-11-29,12,0,1,5,4,2,0,0,2021/04/12 14:53:23
Grant County,2020-12-06,17,0,1,2,4,6,4,0,2021/04/12 14:53:23
Grant County,2020-12-13,19,2,3,1,4,7,2,0,2021/04/12 14:53:23
Grant County,2020-12-20,10,0,3,2,1,4,0,0,2021/04/12 14:53:23
Grant County,2020-12-27,13,0,1,1,4,6,1,0,2021/04/12 14:53:23
Grant County,2021-01-03,10,0,1,1,4,3,1,0,2021/04/12 14:53:23
Grant County,2021-01-10,19,1,1,2,5,8,2,0,2021/04/12 14:53:23
Grant County,2021-01-17,8,0,1,0,3,3,1,0,2021/04/12 14:53:23
Grant County,2021-01-24,8,0,3,1,3,1,0,0,2021/04/12 14:53:23
Grant County,2021-01-31,9,2,0,0,5,2,0,0,2021/04/12 14:53:23
Grant County,2021-02-07,4,1,1,1,1,0,0,0,2021/04/12 14:53:23
Grant County,2021-02-14,4,1,1,0,1,1,0,0,2021/04/12 14:53:23
Grant County,2021-02-21,3,0,0,1,1,1,0,0,2021/04/12 14:53:23
Grant County,2021-02-28,1,0,0,0,1,0,0,0,2021/04/12 14:53:23
Grant County,2021-03-07,5,1,2,0,0,1,1,0,2021/04/12 14:53:23
Grant County,2021-03-21,3,0,0,0,1,2,0,0,2021/04/12 14:53:23
Grant County,2021-03-28,4,0,1,1,0,2,0,0,2021/04/12 14:53:23
Grant County,2021-04-04,3,0,0,1,0,1,1,0,2021/04/12 14:53:23
Grays Harbor County,2020-03-01,1,0,0,0,1,0,0,0,2021/04/12 14:53:23
Grays Harbor County,2020-03-22,1,0,0,1,0,0,0,0,2021/04/12 14:53:23
Grays Harbor County,2020-04-05,4,0,0,1,0,3,0,0,2021/04/12 14:53:23
Grays Harbor County,2020-05-10,1,0,0,0,1,0,0,0,2021/04/12 14:53:23
Grays Harbor County,2020-06-21,1,0,0,0,1,0,0,0,2021/04/12 14:53:23
Grays Harbor County,2020-06-28,1,0,0,0,0,1,0,0,2021/04/12 14:53:23
Grays Harbor County,2020-07-05,1,0,0,0,0,1,0,0,2021/04/12 14:53:23
Grays Harbor County,2020-07-12,1,0,0,0,0,1,0,0,2021/04/12 14:53:23
Grays Harbor County,2020-07-19,1,0,0,1,0,0,0,0,2021/04/12 14:53:23
Grays Harbor County,2020-07-26,1,0,0,0,0,0,1,0,2021/04/12 14:53:23
Grays Harbor County,2020-08-02,1,0,0,0,0,1,0,0,2021/04/12 14:53:23
Grays Harbor County,2020-08-09,3,0,0,1,1,0,1,0,2021/04/12 14:53:23
Grays Harbor County,2020-08-16,3,0,0,0,0,2,1,0,2021/04/12 14:53:23
Grays Harbor County,2020-08-23,3,0,0,0,1,2,0,0,2021/04/12 14:53:23
Grays Harbor County,2020-09-06,5,1,0,1,0,1,2,0,2021/04/12 14:53:23
Grays Harbor County,2020-09-13,5,0,0,2,2,1,0,0,2021/04/12 14:53:23
Grays Harbor County,2020-09-20,4,0,3,0,0,1,0,0,2021/04/12 14:53:23
Grays Harbor County,2020-10-04,2,0,0,0,2,0,0,0,2021/04/12 14:53:23
Grays Harbor County,2020-10-11,3,0,0,0,0,2,1,0,2021/04/12 14:53:23
Grays Harbor County,2020-10-18,2,0,0,0,0,0,2,0,2021/04/12 14:53:23
Grays Harbor County,2020-10-25,3,0,0,0,1,1,1,0,2021/04/12 14:53:23
Grays Harbor County,2020-11-01,6,0,0,0,2,4,0,0,2021/04/12 14:53:23
Grays Harbor County,2020-11-08,5,0,0,0,2,3,0,0,2021/04/12 14:53:23
Grays Harbor County,2020-11-15,3,0,0,1,0,1,1,0,2021/04/12 14:53:23
Grays Harbor County,2020-11-22,7,0,0,1,2,2,2,0,2021/04/12 14:53:23
Grays Harbor County,2020-11-29,8,0,0,2,2,4,0,0,2021/04/12 14:53:23
Grays Harbor County,2020-12-06,5,0,0,1,2,2,0,0,2021/04/12 14:53:23
Grays Harbor County,2020-12-13,9,0,1,2,2,3,1,0,2021/04/12 14:53:23
Grays Harbor County,2020-12-20,11,1,0,2,6,2,0,0,2021/04/12 14:53:23
Grays Harbor County,2020-12-27,7,0,1,1,3,2,0,0,2021/04/12 14:53:23
Grays Harbor County,2021-01-03,10,0,0,0,5,4,1,0,2021/04/12 14:53:23
Grays Harbor County,2021-01-10,7,0,1,3,0,3,0,0,2021/04/12 14:53:23
Grays Harbor County,2021-01-17,9,0,1,0,3,2,3,0,2021/04/12 14:53:23
Grays Harbor County,2021-01-24,7,0,0,1,0,3,3,0,2021/04/12 14:53:23
Grays Harbor County,2021-01-31,5,0,0,1,2,0,2,0,2021/04/12 14:53:23
Grays Harbor County,2021-02-07,3,0,1,0,0,1,1,0,2021/04/12 14:53:23
Grays Harbor County,2021-02-14,5,0,0,1,1,2,1,0,2021/04/12 14:53:23
Grays Harbor County,2021-02-21,3,0,2,0,1,0,0,0,2021/04/12 14:53:23
Grays Harbor County,2021-02-28,6,0,0,0,0,4,2,0,2021/04/12 14:53:23
Grays Harbor County,2021-03-07,2,0,0,0,0,1,1,0,2021/04/12 14:53:23
Grays Harbor County,2021-03-14,2,0,0,1,0,1,0,0,2021/04/12 14:53:23
Grays Harbor County,2021-03-21,2,0,1,1,0,0,0,0,2021/04/12 14:53:23
Grays Harbor County,2021-03-28,3,0,0,0,0,2,1,0,2021/04/12 14:53:23
Island County,2020-02-16,1,0,0,0,0,0,1,0,2021/04/12 14:53:23
Island County,2020-03-08,5,0,0,1,1,1,2,0,2021/04/12 14:53:23
Island County,2020-03-15,2,0,0,0,0,1,1,0,2021/04/12 14:53:23
Island County,2020-03-22,6,0,0,0,0,2,4,0,2021/04/12 14:53:23
Island County,2020-03-29,5,0,0,0,1,3,1,0,2021/04/12 14:53:23
Island County,2020-04-05,1,0,0,0,1,0,0,0,2021/04/12 14:53:23
Island County,2020-04-12,1,0,0,1,0,0,0,0,2021/04/12 14:53:23
Island County,2020-04-26,2,0,0,0,0,0,2,0,2021/04/12 14:53:23
Island County,2020-05-03,1,0,0,1,0,0,0,0,2021/04/12 14:53:23
Island County,2020-05-24,1,0,0,0,1,0,0,0,2021/04/12 14:53:23
Island County,2020-06-21,1,0,0,0,0,1,0,0,2021/04/12 14:53:23
Island County,2020-09-13,1,0,0,0,0,0,1,0,2021/04/12 14:53:23
Island County,2020-09-20,1,0,1,0,0,0,0,0,2021/04/12 14:53:23
Island County,2020-09-27,1,0,0,0,0,1,0,0,2021/04/12 14:53:23
Island County,2020-10-04,2,0,0,1,0,1,0,0,2021/04/12 14:53:23
Island County,2020-10-11,1,0,0,0,1,0,0,0,2021/04/12 14:53:23
Island County,2020-10-18,1,0,0,0,0,0,1,0,2021/04/12 14:53:23
Island County,2020-11-01,1,0,0,0,0,0,1,0,2021/04/12 14:53:23
Island County,2020-11-08,3,0,0,0,0,1,2,0,2021/04/12 14:53:23
Island County,2020-11-22,3,1,1,0,1,0,0,0,2021/04/12 14:53:23
Island County,2020-11-29,5,0,0,1,1,2,1,0,2021/04/12 14:53:23
Island County,2020-12-06,2,0,0,0,1,1,0,0,2021/04/12 14:53:23
Island County,2020-12-13,2,0,0,0,0,2,0,0,2021/04/12 14:53:23
Island County,2020-12-20,2,0,0,0,1,0,1,0,2021/04/12 14:53:23
Island County,2020-12-27,1,0,0,0,1,0,0,0,2021/04/12 14:53:23
Island County,2021-01-03,2,0,1,0,0,1,0,0,2021/04/12 14:53:23
Island County,2021-01-10,5,0,1,0,1,3,0,0,2021/04/12 14:53:23
Island County,2021-01-17,3,0,0,1,0,2,0,0,2021/04/12 14:53:23
Island County,2021-01-31,2,0,0,1,1,0,0,0,2021/04/12 14:53:23
Island County,2021-02-14,1,0,0,0,0,1,0,0,2021/04/12 14:53:23
Island County,2021-02-21,3,0,0,1,1,0,1,0,2021/04/12 14:53:23
Island County,2021-03-07,1,0,0,0,0,0,1,0,2021/04/12 14:53:23
Island County,2021-03-14,2,0,0,0,1,1,0,0,2021/04/12 14:53:23
Island County,2021-03-28,1,0,0,0,0,1,0,0,2021/04/12 14:53:23
Island County,2021-04-04,1,0,0,0,0,0,1,0,2021/04/12 14:53:23
Jefferson County,2020-03-01,1,0,0,0,0,1,0,0,2021/04/12 14:53:23
Jefferson County,2020-03-08,1,0,0,0,0,1,0,0,2021/04/12 14:53:23
Jefferson County,2020-03-15,2,0,0,1,0,1,0,0,2021/04/12 14:53:23
Jefferson County,2020-03-22,1,0,0,0,0,1,0,0,2021/04/12 14:53:23
Jefferson County,2020-05-03,1,0,0,0,0,0,1,0,2021/04/12 14:53:23
Jefferson County,2020-06-14,1,0,0,0,0,1,0,0,2021/04/12 14:53:23
Jefferson County,2020-06-21,1,0,0,0,0,1,0,0,2021/04/12 14:53:23
Jefferson County,2020-07-12,2,0,0,1,1,0,0,0,2021/04/12 14:53:23
Jefferson County,2020-08-09,1,0,1,0,0,0,0,0,2021/04/12 14:53:23
Jefferson County,2020-10-11,1,0,0,0,1,0,0,0,2021/04/12 14:53:23
Jefferson County,2020-10-25,1,0,0,0,0,0,1,0,2021/04/12 14:53:23
Jefferson County,2020-11-08,1,0,0,0,0,1,0,0,2021/04/12 14:53:23
Jefferson County,2020-11-22,2,0,0,0,0,0,2,0,2021/04/12 14:53:23
Jefferson County,2020-11-29,1,0,0,0,0,0,1,0,2021/04/12 14:53:23
Jefferson County,2020-12-27,2,0,0,0,0,1,1,0,2021/04/12 14:53:23
Jefferson County,2021-01-03,3,0,0,0,0,1,2,0,2021/04/12 14:53:23
Jefferson County,2021-01-31,1,0,0,0,0,1,0,0,2021/04/12 14:53:23
Jefferson County,2021-02-14,1,0,0,0,0,0,1,0,2021/04/12 14:53:23
Jefferson County,2021-03-14,1,0,0,0,1,0,0,0,2021/04/12 14:53:23
King County,2020-01-19,1,0,0,0,0,1,0,0,2021/04/12 14:53:23
King County,2020-01-26,2,0,0,0,0,1,1,0,2021/04/12 14:53:23
King County,2020-02-02,2,0,0,0,0,2,0,0,2021/04/12 14:53:23
King County,2020-02-09,8,0,0,1,0,2,5,0,2021/04/12 14:53:23
King County,2020-02-16,17,0,1,1,2,4,9,0,2021/04/12 14:53:23
King County,2020-02-23,30,0,1,2,8,11,8,0,2021/04/12 14:53:23
King County,2020-03-01,86,0,4,2,14,28,38,0,2021/04/12 14:53:23
King County,2020-03-08,118,1,2,12,18,51,34,0,2021/04/12 14:53:23
King County,2020-03-15,138,0,7,13,28,46,44,0,2021/04/12 14:53:23
King County,2020-03-22,224,2,8,33,65,68,48,0,2021/04/12 14:53:23
King County,2020-03-29,264,2,18,38,64,79,62,1,2021/04/12 14:53:23
King County,2020-04-05,193,1,13,26,50,61,42,0,2021/04/12 14:53:23
King County,2020-04-12,138,2,11,25,39,33,28,0,2021/04/12 14:53:23
King County,2020-04-19,126,0,8,22,28,42,26,0,2021/04/12 14:53:23
King County,2020-04-26,79,0,6,16,20,19,18,0,2021/04/12 14:53:23
King County,2020-05-03,63,0,10,12,13,13,15,0,2021/04/12 14:53:23
King County,2020-05-10,57,1,6,11,18,9,12,0,2021/04/12 14:53:23
King County,2020-05-17,52,0,5,8,18,10,11,0,2021/04/12 14:53:23
King County,2020-05-24,39,1,3,6,9,5,15,0,2021/04/12 14:53:23
King County,2020-05-31,29,2,5,4,7,7,4,0,2021/04/12 14:53:23
King County,2020-06-07,27,0,2,6,11,5,3,0,2021/04/12 14:53:23
King County,2020-06-14,30,3,3,4,3,6,11,0,2021/04/12 14:53:23
King County,2020-06-21,50,0,7,19,6,11,7,0,2021/04/12 14:53:23
King County,2020-06-28,40,0,3,11,12,8,6,0,2021/04/12 14:53:23
King County,2020-07-05,62,1,9,12,21,11,7,1,2021/04/12 14:53:23
King County,2020-07-12,60,0,6,12,24,13,5,0,2021/04/12 14:53:23
King County,2020-07-19,49,1,6,10,19,9,4,0,2021/04/12 14:53:23
King County,2020-07-26,73,2,11,10,20,16,14,0,2021/04/12 14:53:23
King County,2020-08-02,57,0,4,11,14,15,13,0,2021/04/12 14:53:23
King County,2020-08-09,58,0,4,11,17,18,8,0,2021/04/12 14:53:23
King County,2020-08-16,56,0,6,10,16,17,7,0,2021/04/12 14:53:23
King County,2020-08-23,33,0,4,3,14,6,6,0,2021/04/12 14:53:23
King County,2020-08-30,49,2,6,11,10,15,5,0,2021/04/12 14:53:23
King County,2020-09-06,27,2,2,4,8,9,2,0,2021/04/12 14:53:23
King County,2020-09-13,24,1,1,1,10,7,4,0,2021/04/12 14:53:23
King County,2020-09-20,41,1,3,9,11,10,7,0,2021/04/12 14:53:23
King County,2020-09-27,38,3,4,3,8,12,8,0,2021/04/12 14:53:23
King County,2020-10-04,50,2,2,7,14,14,11,0,2021/04/12 14:53:23
King County,2020-10-11,53,1,8,7,14,17,6,0,2021/04/12 14:53:23
King County,2020-10-18,51,3,4,6,9,17,12,0,2021/04/12 14:53:23
King County,2020-10-25,58,2,8,13,13,14,8,0,2021/04/12 14:53:23
King County,2020-11-01,105,1,7,17,26,36,18,0,2021/04/12 14:53:23
King County,2020-11-08,169,4,19,33,42,46,25,0,2021/04/12 14:53:23
King County,2020-11-15,199,4,20,38,53,47,37,0,2021/04/12 14:53:23
King County,2020-11-22,186,4,12,23,58,56,33,0,2021/04/12 14:53:23
King County,2020-11-29,193,3,14,33,50,54,39,0,2021/04/12 14:53:23
King County,2020-12-06,220,11,21,21,58,69,40,0,2021/04/12 14:53:23
King County,2020-12-13,188,2,9,36,39,64,38,0,2021/04/12 14:53:23
King County,2020-12-20,177,7,14,32,43,54,27,0,2021/04/12 14:53:23
King County,2020-12-27,166,3,13,18,46,49,37,0,2021/04/12 14:53:23
King County,2021-01-03,176,5,18,22,49,49,33,0,2021/04/12 14:53:23
King County,2021-01-10,132,6,8,16,25,44,33,0,2021/04/12 14:53:23
King County,2021-01-17,127,3,8,14,35,41,26,0,2021/04/12 14:53:23
King County,2021-01-24,106,1,14,24,19,29,19,0,2021/04/12 14:53:23
King County,2021-01-31,89,3,9,14,25,24,14,0,2021/04/12 14:53:23
King County,2021-02-07,80,1,7,13,15,24,20,0,2021/04/12 14:53:23
King County,2021-02-14,65,1,7,12,20,16,9,0,2021/04/12 14:53:23
King County,2021-02-21,44,3,2,10,11,10,8,0,2021/04/12 14:53:23
King County,2021-02-28,43,4,8,12,8,7,4,0,2021/04/12 14:53:23
King County,2021-03-07,39,0,5,8,12,10,4,0,2021/04/12 14:53:23
King County,2021-03-14,65,2,7,15,27,12,2,0,2021/04/12 14:53:23
King County,2021-03-21,80,2,10,16,22,16,14,0,2021/04/12 14:53:23
King County,2021-03-28,87,4,16,21,25,17,4,0,2021/04/12 14:53:23
King County,2021-04-04,68,5,5,25,21,4,8,0,2021/04/12 14:53:23
Kitsap County,2020-03-01,1,0,0,0,0,1,0,0,2021/04/12 14:53:23
Kitsap County,2020-03-08,2,0,0,1,1,0,0,0,2021/04/12 14:53:23
Kitsap County,2020-03-15,1,0,0,0,0,1,0,0,2021/04/12 14:53:23
Kitsap County,2020-03-22,3,0,0,0,1,1,1,0,2021/04/12 14:53:23
Kitsap County,2020-03-29,13,0,2,2,3,3,3,0,2021/04/12 14:53:23
Kitsap County,2020-04-05,3,0,0,0,0,2,1,0,2021/04/12 14:53:23
Kitsap County,2020-04-19,1,0,0,0,0,1,0,0,2021/04/12 14:53:23
Kitsap County,2020-05-17,1,0,1,0,0,0,0,0,2021/04/12 14:53:23
Kitsap County,2020-06-07,2,0,0,2,0,0,0,0,2021/04/12 14:53:23
Kitsap County,2020-06-14,1,0,0,0,1,0,0,0,2021/04/12 14:53:23
Kitsap County,2020-06-21,5,0,1,1,2,0,1,0,2021/04/12 14:53:23
Kitsap County,2020-06-28,2,1,1,0,0,0,0,0,2021/04/12 14:53:23
Kitsap County,2020-07-05,2,0,0,0,0,0,2,0,2021/04/12 14:53:23
Kitsap County,2020-07-12,8,0,1,3,3,1,0,0,2021/04/12 14:53:23
Kitsap County,2020-07-19,6,0,1,0,3,1,1,0,2021/04/12 14:53:23
Kitsap County,2020-07-26,5,0,1,1,1,1,1,0,2021/04/12 14:53:23
Kitsap County,2020-08-02,5,0,0,2,2,1,0,0,2021/04/12 14:53:23
Kitsap County,2020-08-09,11,1,0,2,3,4,1,0,2021/04/12 14:53:23
Kitsap County,2020-08-16,10,0,0,1,2,7,0,0,2021/04/12 14:53:23
Kitsap County,2020-08-23,6,0,0,2,3,1,0,0,2021/04/12 14:53:23
Kitsap County,2020-08-30,1,0,0,1,0,0,0,0,2021/04/12 14:53:23
Kitsap County,2020-09-06,8,0,2,1,2,1,2,0,2021/04/12 14:53:23
Kitsap County,2020-09-13,2,0,1,0,0,0,1,0,2021/04/12 14:53:23
Kitsap County,2020-09-20,2,0,1,0,1,0,0,0,2021/04/12 14:53:23
Kitsap County,2020-09-27,1,0,0,0,0,0,1,0,2021/04/12 14:53:23
Kitsap County,2020-10-04,6,0,2,0,4,0,0,0,2021/04/12 14:53:23
Kitsap County,2020-10-11,1,0,0,0,1,0,0,0,2021/04/12 14:53:23
Kitsap County,2020-10-18,2,0,0,0,0,1,1,0,2021/04/12 14:53:23
Kitsap County,2020-10-25,3,0,0,0,1,2,0,0,2021/04/12 14:53:23
Kitsap County,2020-11-01,7,0,1,0,3,2,1,0,2021/04/12 14:53:23
Kitsap County,2020-11-08,8,0,0,1,0,4,3,0,2021/04/12 14:53:23
Kitsap County,2020-11-15,7,0,0,1,1,4,1,0,2021/04/12 14:53:23
Kitsap County,2020-11-22,7,0,0,0,1,4,2,0,2021/04/12 14:53:23
Kitsap County,2020-11-29,9,0,0,1,1,5,2,0,2021/04/12 14:53:23
Kitsap County,2020-12-06,5,0,0,1,4,0,0,0,2021/04/12 14:53:23
Kitsap County,2020-12-13,7,0,0,0,4,2,1,0,2021/04/12 14:53:23
Kitsap County,2020-12-20,13,1,1,1,1,6,3,0,2021/04/12 14:53:23
Kitsap County,2020-12-27,12,1,0,1,2,5,3,0,2021/04/12 14:53:23
Kitsap County,2021-01-03,10,0,0,1,2,3,4,0,2021/04/12 14:53:23
Kitsap County,2021-01-10,8,0,0,1,3,2,2,0,2021/04/12 14:53:23
Kitsap County,2021-01-17,14,0,0,1,2,5,6,0,2021/04/12 14:53:23
Kitsap County,2021-01-24,7,0,0,1,4,2,0,0,2021/04/12 14:53:23
Kitsap County,2021-01-31,9,1,0,0,3,4,1,0,2021/04/12 14:53:23
Kitsap County,2021-02-07,7,0,1,0,3,1,2,0,2021/04/12 14:53:23
Kitsap County,2021-02-14,7,0,0,2,1,2,2,0,2021/04/12 14:53:23
Kitsap County,2021-02-21,5,0,0,0,2,2,1,0,2021/04/12 14:53:23
Kitsap County,2021-02-28,2,0,0,0,0,2,0,0,2021/04/12 14:53:23
Kitsap County,2021-03-07,5,0,0,1,1,3,0,0,2021/04/12 14:53:23
Kitsap County,2021-03-14,5,0,1,0,2,2,0,0,2021/04/12 14:53:23
Kitsap County,2021-03-21,9,1,1,1,4,2,0,0,2021/04/12 14:53:23
Kitsap County,2021-03-28,7,0,0,3,1,2,1,0,2021/04/12 14:53:23
Kitsap County,2021-04-04,6,0,0,2,1,2,1,0,2021/04/12 14:53:23
Kittitas County,2020-04-26,1,0,0,0,1,0,0,0,2021/04/12 14:53:23
Kittitas County,2020-05-24,1,1,0,0,0,0,0,0,2021/04/12 14:53:23
Kittitas County,2020-06-21,3,0,0,0,1,2,0,0,2021/04/12 14:53:23
Kittitas County,2020-07-05,1,0,0,1,0,0,0,0,2021/04/12 14:53:23
Kittitas County,2020-07-12,1,0,0,0,1,0,0,0,2021/04/12 14:53:23
Kittitas County,2020-07-19,8,0,0,0,0,2,6,0,2021/04/12 14:53:23
Kittitas County,2020-07-26,3,0,0,0,1,1,1,0,2021/04/12 14:53:23
Kittitas County,2020-08-02,4,0,1,1,1,1,0,0,2021/04/12 14:53:23
Kittitas County,2020-09-06,1,0,0,0,0,0,1,0,2021/04/12 14:53:23
Kittitas County,2020-09-20,1,0,0,0,0,0,1,0,2021/04/12 14:53:23
Kittitas County,2020-09-27,1,0,0,0,0,0,1,0,2021/04/12 14:53:23
Kittitas County,2020-10-04,1,0,0,0,0,0,1,0,2021/04/12 14:53:23
Kittitas County,2020-10-25,1,0,0,0,0,0,1,0,2021/04/12 14:53:23
Kittitas County,2020-11-15,2,0,1,0,1,0,0,0,2021/04/12 14:53:23
Kittitas County,2020-11-22,5,0,0,1,2,1,1,0,2021/04/12 14:53:23
Kittitas County,2020-12-06,2,0,0,0,1,1,0,0,2021/04/12 14:53:23
Kittitas County,2020-12-13,3,0,0,0,0,1,2,0,2021/04/12 14:53:23
Kittitas County,2020-12-20,6,0,0,3,0,1,2,0,2021/04/12 14:53:23
Kittitas County,2020-12-27,3,0,0,0,1,1,1,0,2021/04/12 14:53:23
Kittitas County,2021-01-03,6,0,0,0,0,6,0,0,2021/04/12 14:53:23
Kittitas County,2021-01-10,4,0,0,0,1,1,2,0,2021/04/12 14:53:23
Kittitas County,2021-01-17,2,0,0,0,1,0,1,0,2021/04/12 14:53:23
Kittitas County,2021-01-24,1,0,0,0,1,0,0,0,2021/04/12 14:53:23
Kittitas County,2021-01-31,1,0,0,0,0,1,0,0,2021/04/12 14:53:23
Kittitas County,2021-02-14,1,0,0,0,1,0,0,0,2021/04/12 14:53:23
Kittitas County,2021-02-28,1,0,0,1,0,0,0,0,2021/04/12 14:53:23
Kittitas County,2021-03-07,1,0,0,0,0,1,0,0,2021/04/12 14:53:23
Kittitas County,2021-03-21,3,0,0,0,2,1,0,0,2021/04/12 14:53:23
Klickitat County,2020-03-15,1,0,0,0,0,1,0,0,2021/04/12 14:53:23
Klickitat County,2020-03-22,1,0,0,0,0,0,1,0,2021/04/12 14:53:23
Klickitat County,2020-04-05,1,0,0,0,0,0,1,0,2021/04/12 14:53:23
Klickitat County,2020-04-12,1,0,0,0,1,0,0,0,2021/04/12 14:53:23
Klickitat County,2020-06-14,2,0,0,2,0,0,0,0,2021/04/12 14:53:23
Klickitat County,2020-07-19,1,0,0,0,1,0,0,0,2021/04/12 14:53:23
Klickitat County,2020-09-06,1,0,1,0,0,0,0,0,2021/04/12 14:53:23
Klickitat County,2020-10-04,1,0,0,0,0,1,0,0,2021/04/12 14:53:23
Klickitat County,2020-11-08,1,0,0,0,0,1,0,0,2021/04/12 14:53:23
Klickitat County,2020-11-22,1,0,0,0,0,0,1,0,2021/04/12 14:53:23
Klickitat County,2020-11-29,1,0,0,0,0,1,0,0,2021/04/12 14:53:23
Klickitat County,2021-01-03,1,0,0,0,0,1,0,0,2021/04/12 14:53:23
Klickitat County,2021-01-10,1,0,0,0,1,0,0,0,2021/04/12 14:53:23
Klickitat County,2021-02-14,1,0,0,0,0,1,0,0,2021/04/12 14:53:23
Lewis County,2020-03-08,1,0,0,0,0,0,1,0,2021/04/12 14:53:23
Lewis County,2020-03-29,5,0,0,0,1,3,1,0,2021/04/12 14:53:23
Lewis County,2020-04-19,2,0,1,0,0,1,0,0,2021/04/12 14:53:23
Lewis County,2020-05-10,1,0,0,0,1,0,0,0,2021/04/12 14:53:23
Lewis County,2020-05-17,1,0,0,0,1,0,0,0,2021/04/12 14:53:23
Lewis County,2020-06-14,3,0,1,0,0,1,1,0,2021/04/12 14:53:23
Lewis County,2020-06-21,1,0,0,1,0,0,0,0,2021/04/12 14:53:23
Lewis County,2020-06-28,1,0,0,0,1,0,0,0,2021/04/12 14:53:23
Lewis County,2020-07-12,2,0,0,0,0,2,0,0,2021/04/12 14:53:23
Lewis County,2020-07-19,2,0,1,0,0,1,0,0,2021/04/12 14:53:23
Lewis County,2020-07-26,1,0,0,0,0,1,0,0,2021/04/12 14:53:23
Lewis County,2020-08-02,3,0,0,0,0,0,3,0,2021/04/12 14:53:23
Lewis County,2020-08-09,4,0,0,2,0,2,0,0,2021/04/12 14:53:23
Lewis County,2020-08-16,1,0,0,1,0,0,0,0,2021/04/12 14:53:23
Lewis County,2020-08-30,3,0,0,0,0,2,1,0,2021/04/12 14:53:23
Lewis County,2020-09-06,1,0,0,0,0,1,0,0,2021/04/12 14:53:23
Lewis County,2020-09-13,1,0,0,0,0,0,1,0,2021/04/12 14:53:23
Lewis County,2020-09-20,4,0,0,2,1,0,1,0,2021/04/12 14:53:23
Lewis County,2020-09-27,2,0,0,0,0,2,0,0,2021/04/12 14:53:23
Lewis County,2020-10-04,4,1,0,0,2,0,1,0,2021/04/12 14:53:23
Lewis County,2020-10-11,4,0,0,1,1,1,1,0,2021/04/12 14:53:23
Lewis County,2020-10-18,6,0,0,0,2,4,0,0,2021/04/12 14:53:23
Lewis County,2020-10-25,3,0,1,1,1,0,0,0,2021/04/12 14:53:23
Lewis County,2020-11-01,4,0,0,0,1,2,1,0,2021/04/12 14:53:23
Lewis County,2020-11-08,6,0,0,0,3,2,1,0,2021/04/12 14:53:23
Lewis County,2020-11-15,8,0,1,2,0,5,0,0,2021/04/12 14:53:23
Lewis County,2020-11-22,9,0,1,0,1,6,1,0,2021/04/12 14:53:23
Lewis County,2020-11-29,20,1,4,0,4,9,2,0,2021/04/12 14:53:23
Lewis County,2020-12-06,10,1,1,1,4,1,2,0,2021/04/12 14:53:23
Lewis County,2020-12-13,16,3,3,3,2,3,2,0,2021/04/12 14:53:23
Lewis County,2020-12-20,9,0,1,0,2,4,2,0,2021/04/12 14:53:23
Lewis County,2020-12-27,10,0,2,2,1,4,1,0,2021/04/12 14:53:23
Lewis County,2021-01-03,17,0,2,1,4,6,4,0,2021/04/12 14:53:23
Lewis County,2021-01-10,22,0,1,4,5,10,2,0,2021/04/12 14:53:23
Lewis County,2021-01-17,12,0,0,2,3,4,3,0,2021/04/12 14:53:23
Lewis County,2021-01-24,9,0,1,0,2,5,1,0,2021/04/12 14:53:23
Lewis County,2021-01-31,17,0,1,1,1,9,5,0,2021/04/12 14:53:23
Lewis County,2021-02-07,10,0,1,1,2,5,1,0,2021/04/12 14:53:23
Lewis County,2021-02-14,12,0,2,1,1,3,5,0,2021/04/12 14:53:23
Lewis County,2021-02-21,6,0,0,1,2,2,1,0,2021/04/12 14:53:23
Lewis County,2021-02-28,10,0,1,0,2,7,0,0,2021/04/12 14:53:23
Lewis County,2021-03-07,4,0,0,0,1,2,1,0,2021/04/12 14:53:23
Lewis County,2021-03-14,4,0,0,1,0,2,1,0,2021/04/12 14:53:23
Lewis County,2021-03-21,4,0,0,0,2,0,2,0,2021/04/12 14:53:23
Lewis County,2021-03-28,10,0,1,0,5,1,3,0,2021/04/12 14:53:23
Lewis County,2021-04-04,4,0,0,0,0,2,2,0,2021/04/12 14:53:23
Lewis County,2021-04-11,1,0,0,0,1,0,0,0,2021/04/12 14:53:23
Lincoln County,2020-07-26,1,0,0,0,0,1,0,0,2021/04/12 14:53:23
Lincoln County,2020-08-09,1,0,0,0,0,1,0,0,2021/04/12 14:53:23
Lincoln County,2020-09-20,1,0,0,0,0,1,0,0,2021/04/12 14:53:23
Lincoln County,2020-11-01,2,0,0,0,0,0,2,0,2021/04/12 14:53:23
Lincoln County,2020-11-08,1,0,0,0,0,0,1,0,2021/04/12 14:53:23
Lincoln County,2020-11-22,4,0,0,1,1,1,1,0,2021/04/12 14:53:23
Lincoln County,2020-11-29,2,0,0,1,0,0,1,0,2021/04/12 14:53:23
Lincoln County,2020-12-06,1,0,0,0,1,0,0,0,2021/04/12 14:53:23
Lincoln County,2020-12-13,1,0,0,0,0,1,0,0,2021/04/12 14:53:23
Lincoln County,2021-01-10,2,0,0,0,0,1,1,0,2021/04/12 14:53:23
Lincoln County,2021-01-24,1,0,0,0,0,1,0,0,2021/04/12 14:53:23
Lincoln County,2021-02-07,1,0,0,0,1,0,0,0,2021/04/12 14:53:23
Lincoln County,2021-02-14,1,0,0,0,0,1,0,0,2021/04/12 14:53:23
Lincoln County,2021-02-21,1,0,0,0,0,0,1,0,2021/04/12 14:53:23
Mason County,2020-03-29,1,0,0,0,0,1,0,0,2021/04/12 14:53:23
Mason County,2020-04-12,2,0,0,0,0,2,0,0,2021/04/12 14:53:23
Mason County,2020-04-19,1,0,0,0,1,0,0,0,2021/04/12 14:53:23
Mason County,2020-05-31,1,0,0,0,1,0,0,0,2021/04/12 14:53:23
Mason County,2020-06-28,1,0,0,0,1,0,0,0,2021/04/12 14:53:23
Mason County,2020-07-12,1,1,0,0,0,0,0,0,2021/04/12 14:53:23
Mason County,2020-07-19,1,0,0,1,0,0,0,0,2021/04/12 14:53:23
Mason County,2020-07-26,3,0,0,0,2,1,0,0,2021/04/12 14:53:23
Mason County,2020-08-02,2,0,1,0,1,0,0,0,2021/04/12 14:53:23
Mason County,2020-08-09,1,0,0,0,0,0,1,0,2021/04/12 14:53:23
Mason County,2020-08-16,1,0,0,1,0,0,0,0,2021/04/12 14:53:23
Mason County,2020-08-23,2,0,0,0,0,2,0,0,2021/04/12 14:53:23
Mason County,2020-08-30,1,0,0,0,0,0,1,0,2021/04/12 14:53:23
Mason County,2020-09-06,1,0,0,0,0,0,1,0,2021/04/12 14:53:23
Mason County,2020-09-13,2,0,0,1,0,1,0,0,2021/04/12 14:53:23
Mason County,2020-09-20,2,0,1,0,0,1,0,0,2021/04/12 14:53:23
Mason County,2020-09-27,1,1,0,0,0,0,0,0,2021/04/12 14:53:23
Mason County,2020-10-04,2,0,1,1,0,0,0,0,2021/04/12 14:53:23
Mason County,2020-10-18,1,0,0,0,0,1,0,0,2021/04/12 14:53:23
Mason County,2020-10-25,4,0,1,0,2,1,0,0,2021/04/12 14:53:23
Mason County,2020-11-01,2,0,2,0,0,0,0,0,2021/04/12 14:53:23
Mason County,2020-11-08,2,0,0,0,0,2,0,0,2021/04/12 14:53:23
Mason County,2020-11-15,5,0,0,1,2,1,1,0,2021/04/12 14:53:23
Mason County,2020-11-22,5,0,0,2,1,0,2,0,2021/04/12 14:53:23
Mason County,2020-11-29,3,0,0,0,1,1,1,0,2021/04/12 14:53:23
Mason County,2020-12-06,2,0,0,0,0,1,1,0,2021/04/12 14:53:23
Mason County,2020-12-13,2,0,0,2,0,0,0,0,2021/04/12 14:53:23
Mason County,2020-12-27,3,0,0,1,1,1,0,0,2021/04/12 14:53:23
Mason County,2021-01-03,7,1,1,0,3,0,2,0,2021/04/12 14:53:23
Mason County,2021-01-10,6,0,2,0,2,0,2,0,2021/04/12 14:53:23
Mason County,2021-01-17,3,0,0,0,3,0,0,0,2021/04/12 14:53:23
Mason County,2021-01-24,6,0,0,1,4,0,1,0,2021/04/12 14:53:23
Mason County,2021-01-31,2,0,0,1,0,1,0,0,2021/04/12 14:53:23
Mason County,2021-02-07,1,0,0,1,0,0,0,0,2021/04/12 14:53:23
Mason County,2021-02-21,1,0,0,0,0,0,1,0,2021/04/12 14:53:23
Mason County,2021-03-07,3,0,0,1,2,0,0,0,2021/04/12 14:53:23
Mason County,2021-03-14,1,0,0,0,0,1,0,0,2021/04/12 14:53:23
Mason County,2021-03-21,2,0,0,0,2,0,0,0,2021/04/12 14:53:23
Mason County,2021-03-28,5,0,0,0,2,1,2,0,2021/04/12 14:53:23
Mason County,2021-04-04,1,0,0,0,1,0,0,0,2021/04/12 14:53:23
Okanogan County,2020-03-29,1,0,0,0,0,1,0,0,2021/04/12 14:53:23
Okanogan County,2020-04-26,1,0,1,0,0,0,0,0,2021/04/12 14:53:23
Okanogan County,2020-05-03,2,0,1,0,0,1,0,0,2021/04/12 14:53:23
Okanogan County,2020-05-24,1,0,0,0,1,0,0,0,2021/04/12 14:53:23
Okanogan County,2020-06-14,1,0,0,0,1,0,0,0,2021/04/12 14:53:23
Okanogan County,2020-06-21,1,0,1,0,0,0,0,0,2021/04/12 14:53:23
Okanogan County,2020-06-28,2,0,0,0,1,1,0,0,2021/04/12 14:53:23
Okanogan County,2020-07-05,4,0,1,2,0,1,0,0,2021/04/12 14:53:23
Okanogan County,2020-07-12,3,0,0,1,1,1,0,0,2021/04/12 14:53:23
Okanogan County,2020-07-19,6,0,3,1,2,0,0,0,2021/04/12 14:53:23
Okanogan County,2020-07-26,11,0,0,5,2,3,1,0,2021/04/12 14:53:23
Okanogan County,2020-08-02,6,0,0,1,4,0,1,0,2021/04/12 14:53:23
Okanogan County,2020-08-09,7,0,0,1,3,3,0,0,2021/04/12 14:53:23
Okanogan County,2020-08-16,3,0,1,0,1,0,1,0,2021/04/12 14:53:23
Okanogan County,2020-09-06,3,0,0,0,2,0,1,0,2021/04/12 14:53:23
Okanogan County,2020-09-20,1,0,0,0,0,1,0,0,2021/04/12 14:53:23
Okanogan County,2020-10-04,1,0,0,0,0,1,0,0,2021/04/12 14:53:23
Okanogan County,2020-10-18,2,0,0,0,2,0,0,0,2021/04/12 14:53:23
Okanogan County,2020-10-25,2,0,0,2,0,0,0,0,2021/04/12 14:53:23
Okanogan County,2020-11-01,1,0,0,0,0,0,1,0,2021/04/12 14:53:23
Okanogan County,2020-11-08,1,0,0,0,0,1,0,0,2021/04/12 14:53:23
Okanogan County,2020-11-15,3,0,0,0,2,0,1,0,2021/04/12 14:53:23
Okanogan County,2020-11-22,6,0,1,0,3,1,1,0,2021/04/12 14:53:23
Okanogan County,2020-11-29,5,0,0,0,0,3,2,0,2021/04/12 14:53:23
Okanogan County,2020-12-06,12,0,2,0,1,7,2,0,2021/04/12 14:53:23
Okanogan County,2020-12-13,7,0,1,0,1,5,0,0,2021/04/12 14:53:23
Okanogan County,2020-12-20,4,0,0,0,1,3,0,0,2021/04/12 14:53:23
Okanogan County,2020-12-27,3,0,0,1,1,1,0,0,2021/04/12 14:53:23
Okanogan County,2021-01-03,5,0,0,0,1,2,2,0,2021/04/12 14:53:23
Okanogan County,2021-01-10,3,0,0,0,1,1,1,0,2021/04/12 14:53:23
Okanogan County,2021-01-17,1,0,0,1,0,0,0,0,2021/04/12 14:53:23
Okanogan County,2021-01-24,1,0,0,0,0,1,0,0,2021/04/12 14:53:23
Okanogan County,2021-01-31,1,0,1,0,0,0,0,0,2021/04/12 14:53:23
Okanogan County,2021-02-14,1,0,0,0,0,1,0,0,2021/04/12 14:53:23
Okanogan County,2021-02-28,2,0,0,1,1,0,0,0,2021/04/12 14:53:23
Okanogan County,2021-03-07,2,0,0,1,0,1,0,0,2021/04/12 14:53:23
Okanogan County,2021-03-21,2,0,0,0,1,1,0,0,2021/04/12 14:53:23
Okanogan County,2021-03-28,2,0,1,0,1,0,0,0,2021/04/12 14:53:23
Okanogan County,2021-04-04,1,0,0,0,0,1,0,0,2021/04/12 14:53:23
Pacific County,2020-06-28,1,0,1,0,0,0,0,0,2021/04/12 14:53:23
Pacific County,2020-07-26,1,0,0,0,0,1,0,0,2021/04/12 14:53:23
Pacific County,2020-08-02,1,0,0,0,0,1,0,0,2021/04/12 14:53:23
Pacific County,2020-10-18,1,1,0,0,0,0,0,0,2021/04/12 14:53:23
Pacific County,2020-11-08,2,0,0,0,1,1,0,0,2021/04/12 14:53:23
Pacific County,2020-11-15,1,0,0,0,0,1,0,0,2021/04/12 14:53:23
Pacific County,2020-11-22,4,1,0,0,0,2,1,0,2021/04/12 14:53:23
Pacific County,2020-11-29,1,0,0,0,0,1,0,0,2021/04/12 14:53:23
Pacific County,2020-12-06,1,0,0,0,0,1,0,0,2021/04/12 14:53:23
Pacific County,2020-12-13,2,0,0,0,2,0,0,0,2021/04/12 14:53:23
Pacific County,2020-12-20,1,0,0,0,0,1,0,0,2021/04/12 14:53:23
Pacific County,2020-12-27,1,0,0,0,0,1,0,0,2021/04/12 14:53:23
Pacific County,2021-01-03,1,0,0,0,0,1,0,0,2021/04/12 14:53:23
Pacific County,2021-01-17,1,0,0,0,0,0,1,0,2021/04/12 14:53:23
Pacific County,2021-01-24,1,0,1,0,0,0,0,0,2021/04/12 14:53:23
Pacific County,2021-02-28,1,0,0,0,1,0,0,0,2021/04/12 14:53:23
Pacific County,2021-03-07,2,0,0,0,0,2,0,0,2021/04/12 14:53:23
Pend Oreille County,2020-07-12,3,0,0,1,0,2,0,0,2021/04/12 14:53:23
Pend Oreille County,2020-07-19,1,0,0,1,0,0,0,0,2021/04/12 14:53:23
Pend Oreille County,2020-08-02,1,0,0,0,1,0,0,0,2021/04/12 14:53:23
Pend Oreille County,2020-09-20,1,0,0,0,0,1,0,0,2021/04/12 14:53:23
Pend Oreille County,2020-10-04,1,0,1,0,0,0,0,0,2021/04/12 14:53:23
Pend Oreille County,2020-10-11,2,0,0,0,1,1,0,0,2021/04/12 14:53:23
Pend Oreille County,2020-10-25,1,0,0,0,0,1,0,0,2021/04/12 14:53:23
Pend Oreille County,2020-11-08,1,0,0,0,0,1,0,0,2021/04/12 14:53:23
Pend Oreille County,2020-11-15,4,0,0,0,1,2,1,0,2021/04/12 14:53:23
Pend Oreille County,2020-11-22,2,0,0,0,0,2,0,0,2021/04/12 14:53:23
Pend Oreille County,2020-11-29,2,0,0,0,0,1,1,0,2021/04/12 14:53:23
Pend Oreille County,2020-12-06,3,0,0,0,0,1,2,0,2021/04/12 14:53:23
Pend Oreille County,2020-12-13,4,0,0,1,2,1,0,0,2021/04/12 14:53:23
Pend Oreille County,2020-12-20,4,0,0,1,1,0,2,0,2021/04/12 14:53:23
Pend Oreille County,2020-12-27,1,0,0,0,0,1,0,0,2021/04/12 14:53:23
Pend Oreille County,2021-01-03,2,0,1,1,0,0,0,0,2021/04/12 14:53:23
Pend Oreille County,2021-01-10,1,0,0,0,0,1,0,0,2021/04/12 14:53:23
Pend Oreille County,2021-01-17,2,0,0,0,1,1,0,0,2021/04/12 14:53:23
Pend Oreille County,2021-01-24,1,1,0,0,0,0,0,0,2021/04/12 14:53:23
Pend Oreille County,2021-02-21,2,0,0,0,0,1,1,0,2021/04/12 14:53:23
Pend Oreille County,2021-02-28,1,0,0,0,0,0,1,0,2021/04/12 14:53:23
Pend Oreille County,2021-03-14,1,0,0,0,0,1,0,0,2021/04/12 14:53:23
Pierce County,2020-01-26,2,0,0,0,1,1,0,0,2021/04/12 14:53:23
Pierce County,2020-02-02,2,0,0,0,0,1,1,0,2021/04/12 14:53:23
Pierce County,2020-02-09,1,0,0,0,0,1,0,0,2021/04/12 14:53:23
Pierce County,2020-02-16,3,0,0,1,1,1,0,0,2021/04/12 14:53:23
Pierce County,2020-02-23,2,0,1,0,1,0,0,0,2021/04/12 14:53:23
Pierce County,2020-03-01,5,0,0,3,2,0,0,0,2021/04/12 14:53:23
Pierce County,2020-03-08,11,1,1,2,1,5,1,0,2021/04/12 14:53:23
Pierce County,2020-03-15,37,0,5,6,10,13,3,0,2021/04/12 14:53:23
Pierce County,2020-03-22,59,0,4,10,18,20,7,0,2021/04/12 14:53:23
Pierce County,2020-03-29,46,0,7,6,10,19,4,0,2021/04/12 14:53:23
Pierce County,2020-04-05,41,0,1,11,17,6,6,0,2021/04/12 14:53:23
Pierce County,2020-04-12,32,0,0,4,7,13,8,0,2021/04/12 14:53:23
Pierce County,2020-04-19,25,2,4,3,8,7,1,0,2021/04/12 14:53:23
Pierce County,2020-04-26,33,0,4,12,10,5,2,0,2021/04/12 14:53:23
Pierce County,2020-05-03,14,0,1,2,5,4,2,0,2021/04/12 14:53:23
Pierce County,2020-05-10,15,1,2,6,3,1,2,0,2021/04/12 14:53:23
Pierce County,2020-05-17,10,0,0,0,2,4,4,0,2021/04/12 14:53:23
Pierce County,2020-05-24,14,0,3,2,6,1,2,0,2021/04/12 14:53:23
Pierce County,2020-05-31,10,0,1,1,6,2,0,0,2021/04/12 14:53:23
Pierce County,2020-06-07,11,0,1,1,3,5,1,0,2021/04/12 14:53:23
Pierce County,2020-06-14,8,0,2,3,2,1,0,0,2021/04/12 14:53:23
Pierce County,2020-06-21,17,0,1,5,5,3,3,0,2021/04/12 14:53:23
Pierce County,2020-06-28,16,2,0,5,3,1,5,0,2021/04/12 14:53:23
Pierce County,2020-07-05,17,0,1,1,6,4,5,0,2021/04/12 14:53:23
Pierce County,2020-07-12,29,0,1,9,6,9,4,0,2021/04/12 14:53:23
Pierce County,2020-07-19,47,1,7,8,10,17,4,0,2021/04/12 14:53:23
Pierce County,2020-07-26,52,2,4,7,14,14,11,0,2021/04/12 14:53:23
Pierce County,2020-08-02,54,1,7,17,12,15,2,0,2021/04/12 14:53:23
Pierce County,2020-08-09,41,2,6,8,12,11,2,0,2021/04/12 14:53:23
Pierce County,2020-08-16,24,1,4,2,5,6,6,0,2021/04/12 14:53:23
Pierce County,2020-08-23,28,0,2,5,7,11,3,0,2021/04/12 14:53:23
Pierce County,2020-08-30,16,0,2,3,3,5,3,0,2021/04/12 14:53:23
Pierce County,2020-09-06,21,0,3,3,8,4,3,0,2021/04/12 14:53:23
Pierce County,2020-09-13,32,1,7,7,11,2,4,0,2021/04/12 14:53:23
Pierce County,2020-09-20,32,1,3,5,11,10,2,0,2021/04/12 14:53:23
Pierce County,2020-09-27,21,0,1,4,8,6,2,0,2021/04/12 14:53:23
Pierce County,2020-10-04,34,0,5,11,7,6,5,0,2021/04/12 14:53:23
Pierce County,2020-10-11,29,1,0,7,9,6,6,0,2021/04/12 14:53:23
Pierce County,2020-10-18,40,1,5,5,18,7,4,0,2021/04/12 14:53:23
Pierce County,2020-10-25,51,0,3,7,13,16,12,0,2021/04/12 14:53:23
Pierce County,2020-11-01,64,0,9,16,16,16,7,0,2021/04/12 14:53:23
Pierce County,2020-11-08,67,1,8,13,17,18,10,0,2021/04/12 14:53:23
Pierce County,2020-11-15,126,5,8,22,33,45,13,0,2021/04/12 14:53:23
Pierce County,2020-11-22,114,5,12,17,29,38,13,0,2021/04/12 14:53:23
Pierce County,2020-11-29,111,2,8,12,25,35,29,0,2021/04/12 14:53:23
Pierce County,2020-12-06,113,0,10,23,25,38,17,0,2021/04/12 14:53:23
Pierce County,2020-12-13,125,2,19,14,30,36,24,0,2021/04/12 14:53:23
Pierce County,2020-12-20,90,2,10,16,28,15,19,0,2021/04/12 14:53:23
Pierce County,2020-12-27,126,0,13,19,30,36,28,0,2021/04/12 14:53:23
Pierce County,2021-01-03,122,0,11,22,32,38,19,0,2021/04/12 14:53:23
Pierce County,2021-01-10,110,1,10,20,27,29,23,0,2021/04/12 14:53:23
Pierce County,2021-01-17,109,3,16,21,27,22,20,0,2021/04/12 14:53:23
Pierce County,2021-01-24,89,1,14,12,25,15,22,0,2021/04/12 14:53:23
Pierce County,2021-01-31,88,2,8,12,28,23,15,0,2021/04/12 14:53:23
Pierce County,2021-02-07,74,3,12,5,18,26,10,0,2021/04/12 14:53:23
Pierce County,2021-02-14,69,0,5,14,18,19,13,0,2021/04/12 14:53:23
Pierce County,2021-02-21,52,0,6,9,20,12,5,0,2021/04/12 14:53:23
Pierce County,2021-02-28,47,3,6,12,12,11,3,0,2021/04/12 14:53:23
Pierce County,2021-03-07,67,0,9,14,16,22,6,0,2021/04/12 14:53:23
Pierce County,2021-03-14,54,3,7,10,16,11,7,0,2021/04/12 14:53:23
Pierce County,2021-03-21,50,1,5,16,9,12,7,0,2021/04/12 14:53:23
Pierce County,2021-03-28,70,2,12,12,22,18,4,0,2021/04/12 14:53:23
Pierce County,2021-04-04,45,2,4,7,13,14,5,0,2021/04/12 14:53:23
Pierce County,2021-04-11,1,0,0,0,0,1,0,0,2021/04/12 14:53:23
San Juan County,2020-03-15,1,0,0,0,1,0,0,0,2021/04/12 14:53:23
San Juan County,2020-08-16,1,0,0,0,0,1,0,0,2021/04/12 14:53:23
San Juan County,2020-11-15,1,0,0,0,0,1,0,0,2021/04/12 14:53:23
San Juan County,2020-12-20,1,0,0,0,1,0,0,0,2021/04/12 14:53:23
San Juan County,2021-01-10,1,0,0,0,1,0,0,0,2021/04/12 14:53:23
San Juan County,2021-03-28,1,0,0,0,0,1,0,0,2021/04/12 14:53:23
Skagit County,2020-03-08,2,0,1,1,0,0,0,0,2021/04/12 14:53:23
Skagit County,2020-03-15,4,0,0,0,0,1,3,0,2021/04/12 14:53:23
Skagit County,2020-03-22,8,0,0,0,4,4,0,0,2021/04/12 14:53:23
Skagit County,2020-03-29,8,0,0,1,5,0,2,0,2021/04/12 14:53:23
Skagit County,2020-04-05,3,0,0,1,1,1,0,0,2021/04/12 14:53:23
Skagit County,2020-04-12,11,0,1,3,3,3,1,0,2021/04/12 14:53:23
Skagit County,2020-04-19,4,0,1,1,0,1,1,0,2021/04/12 14:53:23
Skagit County,2020-04-26,4,0,1,1,1,1,0,0,2021/04/12 14:53:23
Skagit County,2020-05-03,3,0,0,0,2,0,1,0,2021/04/12 14:53:23
Skagit County,2020-05-10,2,0,0,1,1,0,0,0,2021/04/12 14:53:23
Skagit County,2020-05-17,1,0,0,1,0,0,0,0,2021/04/12 14:53:23
Skagit County,2020-06-07,3,0,2,1,0,0,0,0,2021/04/12 14:53:23
Skagit County,2020-06-14,2,0,1,0,0,1,0,0,2021/04/12 14:53:23
Skagit County,2020-06-21,1,0,0,1,0,0,0,0,2021/04/12 14:53:23
Skagit County,2020-06-28,2,0,0,0,2,0,0,0,2021/04/12 14:53:23
Skagit County,2020-07-05,5,1,0,0,1,3,0,0,2021/04/12 14:53:23
Skagit County,2020-07-12,6,0,2,1,2,1,0,0,2021/04/12 14:53:23
Skagit County,2020-07-19,8,0,2,2,2,2,0,0,2021/04/12 14:53:23
Skagit County,2020-07-26,4,0,0,3,0,1,0,0,2021/04/12 14:53:23
Skagit County,2020-08-02,2,0,0,0,0,2,0,0,2021/04/12 14:53:23
Skagit County,2020-08-09,3,0,0,1,0,2,0,0,2021/04/12 14:53:23
Skagit County,2020-08-16,2,0,1,0,1,0,0,0,2021/04/12 14:53:23
Skagit County,2020-08-23,3,0,0,1,1,0,1,0,2021/04/12 14:53:23
Skagit County,2020-08-30,3,0,0,1,2,0,0,0,2021/04/12 14:53:23
Skagit County,2020-09-06,1,0,0,0,0,1,0,0,2021/04/12 14:53:23
Skagit County,2020-09-13,1,0,0,0,0,1,0,0,2021/04/12 14:53:23
Skagit County,2020-09-20,2,0,0,0,1,1,0,0,2021/04/12 14:53:23
Skagit County,2020-09-27,1,0,0,1,0,0,0,0,2021/04/12 14:53:23
Skagit County,2020-10-11,2,0,0,1,1,0,0,0,2021/04/12 14:53:23
Skagit County,2020-10-18,3,0,0,1,0,0,2,0,2021/04/12 14:53:23
Skagit County,2020-10-25,2,0,0,0,1,1,0,0,2021/04/12 14:53:23
Skagit County,2020-11-01,3,0,0,0,1,1,1,0,2021/04/12 14:53:23
Skagit County,2020-11-08,11,0,2,3,2,3,1,0,2021/04/12 14:53:23
Skagit County,2020-11-15,16,0,0,2,1,8,5,0,2021/04/12 14:53:23
Skagit County,2020-11-22,4,0,0,0,2,1,1,0,2021/04/12 14:53:23
Skagit County,2020-11-29,14,0,0,3,4,5,2,0,2021/04/12 14:53:23
Skagit County,2020-12-06,12,2,0,1,3,6,0,0,2021/04/12 14:53:23
Skagit County,2020-12-13,9,0,0,2,2,3,2,0,2021/04/12 14:53:23
Skagit County,2020-12-20,10,0,1,1,2,5,1,0,2021/04/12 14:53:23
Skagit County,2020-12-27,8,0,0,0,3,2,3,0,2021/04/12 14:53:23
Skagit County,2021-01-03,12,1,0,0,3,4,4,0,2021/04/12 14:53:23
Skagit County,2021-01-10,9,0,1,0,1,5,2,0,2021/04/12 14:53:23
Skagit County,2021-01-17,13,1,0,2,3,6,1,0,2021/04/12 14:53:23
Skagit County,2021-01-24,8,0,0,0,2,4,2,0,2021/04/12 14:53:23
Skagit County,2021-01-31,6,0,1,1,1,2,1,0,2021/04/12 14:53:23
Skagit County,2021-02-07,6,0,0,1,3,2,0,0,2021/04/12 14:53:23
Skagit County,2021-02-14,7,0,0,0,3,3,1,0,2021/04/12 14:53:23
Skagit County,2021-02-21,7,0,1,3,1,2,0,0,2021/04/12 14:53:23
Skagit County,2021-02-28,6,0,0,0,2,3,1,0,2021/04/12 14:53:23
Skagit County,2021-03-07,3,0,1,0,0,1,1,0,2021/04/12 14:53:23
Skagit County,2021-03-14,3,0,1,0,1,1,0,0,2021/04/12 14:53:23
Skagit County,2021-03-21,1,0,0,0,1,0,0,0,2021/04/12 14:53:23
Skagit County,2021-03-28,4,0,0,2,2,0,0,0,2021/04/12 14:53:23
Skagit County,2021-04-04,1,0,0,1,0,0,0,0,2021/04/12 14:53:23
Skamania County,2020-03-29,1,0,0,0,0,1,0,0,2021/04/12 14:53:23
Skamania County,2020-06-21,1,0,0,0,0,0,1,0,2021/04/12 14:53:23
Skamania County,2020-07-19,2,0,0,0,1,1,0,0,2021/04/12 14:53:23
Skamania County,2020-12-13,1,0,0,0,1,0,0,0,2021/04/12 14:53:23
Skamania County,2021-01-10,1,0,0,0,0,1,0,0,2021/04/12 14:53:23
Snohomish County,2020-01-12,1,0,0,0,1,0,0,0,2021/04/12 14:53:23
Snohomish County,2020-01-19,1,0,0,1,0,0,0,0,2021/04/12 14:53:23
Snohomish County,2020-02-02,2,0,0,1,0,1,0,0,2021/04/12 14:53:23
Snohomish County,2020-02-09,1,0,0,0,0,0,1,0,2021/04/12 14:53:23
Snohomish County,2020-02-23,8,0,0,1,4,2,1,0,2021/04/12 14:53:23
Snohomish County,2020-03-01,24,0,2,4,7,7,4,0,2021/04/12 14:53:23
Snohomish County,2020-03-08,57,0,3,1,14,18,21,0,2021/04/12 14:53:23
Snohomish County,2020-03-15,83,0,4,6,26,29,18,0,2021/04/12 14:53:23
Snohomish County,2020-03-22,85,1,7,17,27,24,9,0,2021/04/12 14:53:23
Snohomish County,2020-03-29,84,0,8,12,23,21,20,0,2021/04/12 14:53:23
Snohomish County,2020-04-05,50,1,2,8,15,13,11,0,2021/04/12 14:53:23
Snohomish County,2020-04-12,39,1,4,2,13,9,10,0,2021/04/12 14:53:23
Snohomish County,2020-04-19,30,1,2,4,7,7,9,0,2021/04/12 14:53:23
Snohomish County,2020-04-26,29,0,2,6,2,9,10,0,2021/04/12 14:53:23
Snohomish County,2020-05-03,32,0,3,4,14,4,7,0,2021/04/12 14:53:23
Snohomish County,2020-05-10,16,0,0,3,2,4,7,0,2021/04/12 14:53:23
Snohomish County,2020-05-17,16,0,2,2,3,5,4,0,2021/04/12 14:53:23
Snohomish County,2020-05-24,14,1,2,3,2,6,0,0,2021/04/12 14:53:23
Snohomish County,2020-05-31,9,0,0,1,2,5,1,0,2021/04/12 14:53:23
Snohomish County,2020-06-07,13,0,0,3,7,3,0,0,2021/04/12 14:53:23
Snohomish County,2020-06-14,9,0,0,2,1,2,4,0,2021/04/12 14:53:23
Snohomish County,2020-06-21,13,0,3,3,4,2,1,0,2021/04/12 14:53:23
Snohomish County,2020-06-28,7,0,1,3,0,3,0,0,2021/04/12 14:53:23
Snohomish County,2020-07-05,16,1,1,2,8,0,4,0,2021/04/12 14:53:23
Snohomish County,2020-07-12,17,0,1,4,3,5,4,0,2021/04/12 14:53:23
Snohomish County,2020-07-19,16,0,2,4,3,2,5,0,2021/04/12 14:53:23
Snohomish County,2020-07-26,22,0,3,7,3,4,5,0,2021/04/12 14:53:23
Snohomish County,2020-08-02,24,0,0,5,8,6,5,0,2021/04/12 14:53:23
Snohomish County,2020-08-09,16,0,2,1,3,7,3,0,2021/04/12 14:53:23
Snohomish County,2020-08-16,19,1,2,2,7,5,2,0,2021/04/12 14:53:23
Snohomish County,2020-08-23,10,0,3,1,1,3,2,0,2021/04/12 14:53:23
Snohomish County,2020-08-30,17,0,3,3,3,4,4,0,2021/04/12 14:53:23
Snohomish County,2020-09-06,9,2,1,1,1,2,2,0,2021/04/12 14:53:23
Snohomish County,2020-09-13,8,0,0,0,2,1,5,0,2021/04/12 14:53:23
Snohomish County,2020-09-20,15,2,1,3,4,5,0,0,2021/04/12 14:53:23
Snohomish County,2020-09-27,17,1,1,3,7,3,2,0,2021/04/12 14:53:23
Snohomish County,2020-10-04,16,1,2,1,3,5,4,0,2021/04/12 14:53:23
Snohomish County,2020-10-11,32,0,1,6,5,12,8,0,2021/04/12 14:53:23
Snohomish County,2020-10-18,34,0,1,6,11,12,4,0,2021/04/12 14:53:23
Snohomish County,2020-10-25,31,0,5,5,7,11,3,0,2021/04/12 14:53:23
Snohomish County,2020-11-01,34,0,1,3,9,10,11,0,2021/04/12 14:53:23
Snohomish County,2020-11-08,51,0,2,7,16,16,10,0,2021/04/12 14:53:23
Snohomish County,2020-11-15,68,0,5,5,16,25,17,0,2021/04/12 14:53:23
Snohomish County,2020-11-22,87,1,1,17,25,23,20,0,2021/04/12 14:53:23
Snohomish County,2020-11-29,86,2,5,11,20,26,22,0,2021/04/12 14:53:23
Snohomish County,2020-12-06,97,1,7,13,27,34,15,0,2021/04/12 14:53:23
Snohomish County,2020-12-13,70,1,3,11,14,24,17,0,2021/04/12 14:53:23
Snohomish County,2020-12-20,88,3,8,8,16,32,21,0,2021/04/12 14:53:23
Snohomish County,2020-12-27,78,0,3,9,15,27,24,0,2021/04/12 14:53:23
Snohomish County,2021-01-03,69,0,5,8,13,19,24,0,2021/04/12 14:53:23
Snohomish County,2021-01-10,54,3,0,9,15,17,10,0,2021/04/12 14:53:23
Snohomish County,2021-01-17,41,1,3,2,9,12,14,0,2021/04/12 14:53:23
Snohomish County,2021-01-24,46,1,5,5,13,14,8,0,2021/04/12 14:53:23
Snohomish County,2021-01-31,37,3,1,6,13,10,4,0,2021/04/12 14:53:23
Snohomish County,2021-02-07,22,1,0,5,7,8,1,0,2021/04/12 14:53:23
Snohomish County,2021-02-14,27,0,4,4,8,9,2,0,2021/04/12 14:53:23
Snohomish County,2021-02-21,27,0,4,7,9,4,3,0,2021/04/12 14:53:23
Snohomish County,2021-02-28,20,0,1,5,3,8,3,0,2021/04/12 14:53:23
Snohomish County,2021-03-07,23,1,2,4,7,8,1,0,2021/04/12 14:53:23
Snohomish County,2021-03-14,17,1,1,1,5,6,3,0,2021/04/12 14:53:23
Snohomish County,2021-03-21,19,1,4,6,5,1,2,0,2021/04/12 14:53:23
Snohomish County,2021-03-28,33,1,5,10,12,5,0,0,2021/04/12 14:53:23
Snohomish County,2021-04-04,30,0,6,6,9,8,1,0,2021/04/12 14:53:23
Spokane County,2020-03-08,1,0,0,0,0,0,1,0,2021/04/12 14:53:23
Spokane County,2020-03-15,9,0,0,3,1,4,1,0,2021/04/12 14:53:23
Spokane County,2020-03-22,20,0,2,3,2,8,5,0,2021/04/12 14:53:23
Spokane County,2020-03-29,11,0,0,2,4,1,4,0,2021/04/12 14:53:23
Spokane County,2020-04-05,14,0,2,0,3,5,4,0,2021/04/12 14:53:23
Spokane County,2020-04-12,5,0,0,0,1,2,2,0,2021/04/12 14:53:23
Spokane County,2020-04-19,8,0,0,1,2,4,1,0,2021/04/12 14:53:23
Spokane County,2020-04-26,2,0,0,0,1,1,0,0,2021/04/12 14:53:23
Spokane County,2020-05-03,1,0,0,0,0,0,1,0,2021/04/12 14:53:23
Spokane County,2020-05-10,4,0,0,1,2,1,0,0,2021/04/12 14:53:23
Spokane County,2020-05-17,7,1,0,1,3,1,1,0,2021/04/12 14:53:23
Spokane County,2020-05-24,5,0,2,1,1,0,1,0,2021/04/12 14:53:23
Spokane County,2020-05-31,3,0,0,1,2,0,0,0,2021/04/12 14:53:23
Spokane County,2020-06-07,7,0,1,2,3,1,0,0,2021/04/12 14:53:23
Spokane County,2020-06-14,11,0,0,2,4,5,0,0,2021/04/12 14:53:23
Spokane County,2020-06-21,19,0,2,3,6,6,2,0,2021/04/12 14:53:23
Spokane County,2020-06-28,26,1,3,1,4,8,9,0,2021/04/12 14:53:23
Spokane County,2020-07-05,20,1,1,1,6,3,8,0,2021/04/12 14:53:23
Spokane County,2020-07-12,32,0,7,4,5,7,9,0,2021/04/12 14:53:23
Spokane County,2020-07-19,34,1,1,3,7,10,12,0,2021/04/12 14:53:23
Spokane County,2020-07-26,52,0,5,4,10,18,15,0,2021/04/12 14:53:23
Spokane County,2020-08-02,33,1,2,3,9,7,11,0,2021/04/12 14:53:23
Spokane County,2020-08-09,13,0,2,3,4,3,1,0,2021/04/12 14:53:23
Spokane County,2020-08-16,18,1,1,3,3,5,5,0,2021/04/12 14:53:23
Spokane County,2020-08-23,25,0,4,1,6,7,7,0,2021/04/12 14:53:23
Spokane County,2020-08-30,11,0,3,2,3,3,0,0,2021/04/12 14:53:23
Spokane County,2020-09-06,23,0,2,3,4,9,5,0,2021/04/12 14:53:23
Spokane County,2020-09-13,33,0,2,3,11,10,7,0,2021/04/12 14:53:23
Spokane County,2020-09-20,33,1,3,1,8,10,10,0,2021/04/12 14:53:23
Spokane County,2020-09-27,27,1,2,6,5,11,2,0,2021/04/12 14:53:23
Spokane County,2020-10-04,27,0,1,1,7,15,3,0,2021/04/12 14:53:23
Spokane County,2020-10-11,42,2,3,3,12,11,11,0,2021/04/12 14:53:23
Spokane County,2020-10-18,36,1,0,5,3,20,7,0,2021/04/12 14:53:23
Spokane County,2020-10-25,57,1,5,6,16,19,10,0,2021/04/12 14:53:23
Spokane County,2020-11-01,60,0,4,7,18,17,14,0,2021/04/12 14:53:23
Spokane County,2020-11-08,74,0,4,12,19,24,15,0,2021/04/12 14:53:23
Spokane County,2020-11-15,75,1,11,4,23,26,10,0,2021/04/12 14:53:23
Spokane County,2020-11-22,96,0,5,11,22,41,17,0,2021/04/12 14:53:23
Spokane County,2020-11-29,96,2,9,8,25,30,22,0,2021/04/12 14:53:23
Spokane County,2020-12-06,98,1,12,10,11,36,28,0,2021/04/12 14:53:23
Spokane County,2020-12-13,77,2,11,7,11,27,19,0,2021/04/12 14:53:23
Spokane County,2020-12-20,97,2,3,15,28,26,23,0,2021/04/12 14:53:23
Spokane County,2020-12-27,94,3,12,9,17,30,23,0,2021/04/12 14:53:23
Spokane County,2021-01-03,114,1,11,15,17,41,29,0,2021/04/12 14:53:23
Spokane County,2021-01-10,90,3,5,12,16,31,23,0,2021/04/12 14:53:23
Spokane County,2021-01-17,75,2,3,11,22,19,18,0,2021/04/12 14:53:23
Spokane County,2021-01-24,64,3,9,8,12,20,12,0,2021/04/12 14:53:23
Spokane County,2021-01-31,50,0,3,8,15,11,13,0,2021/04/12 14:53:23
Spokane County,2021-02-07,41,1,9,3,8,12,8,0,2021/04/12 14:53:23
Spokane County,2021-02-14,39,0,6,4,8,12,9,0,2021/04/12 14:53:23
Spokane County,2021-02-21,33,1,4,5,9,12,2,0,2021/04/12 14:53:23
Spokane County,2021-02-28,27,0,2,2,11,7,5,0,2021/04/12 14:53:23
Spokane County,2021-03-07,34,0,3,4,11,11,5,0,2021/04/12 14:53:23
Spokane County,2021-03-14,28,1,2,3,10,10,2,0,2021/04/12 14:53:23
Spokane County,2021-03-21,24,0,3,4,9,7,1,0,2021/04/12 14:53:23
Spokane County,2021-03-28,34,0,4,7,11,7,5,0,2021/04/12 14:53:23
Spokane County,2021-04-04,20,0,4,0,4,7,5,0,2021/04/12 14:53:23
Spokane County,2021-04-11,1,0,0,1,0,0,0,0,2021/04/12 14:53:23
Stevens County,2020-03-15,1,0,0,0,1,0,0,0,2021/04/12 14:53:23
Stevens County,2020-03-29,1,0,0,0,0,1,0,0,2021/04/12 14:53:23
Stevens County,2020-04-05,1,0,0,0,1,0,0,0,2021/04/12 14:53:23
Stevens County,2020-04-19,1,0,0,0,1,0,0,0,2021/04/12 14:53:23
Stevens County,2020-06-21,1,0,0,0,0,1,0,0,2021/04/12 14:53:23
Stevens County,2020-07-05,1,0,1,0,0,0,0,0,2021/04/12 14:53:23
Stevens County,2020-07-12,1,0,0,0,1,0,0,0,2021/04/12 14:53:23
Stevens County,2020-07-19,1,0,0,1,0,0,0,0,2021/04/12 14:53:23
Stevens County,2020-07-26,3,0,0,2,0,1,0,0,2021/04/12 14:53:23
Stevens County,2020-08-02,2,0,0,0,0,2,0,0,2021/04/12 14:53:23
Stevens County,2020-08-16,1,0,1,0,0,0,0,0,2021/04/12 14:53:23
Stevens County,2020-09-13,2,0,0,0,0,1,1,0,2021/04/12 14:53:23
Stevens County,2020-09-20,2,0,0,0,0,1,1,0,2021/04/12 14:53:23
Stevens County,2020-09-27,2,0,0,0,0,1,1,0,2021/04/12 14:53:23
Stevens County,2020-10-04,1,0,0,0,1,0,0,0,2021/04/12 14:53:23
Stevens County,2020-10-11,2,0,0,0,0,2,0,0,2021/04/12 14:53:23
Stevens County,2020-10-18,2,0,0,0,1,0,1,0,2021/04/12 14:53:23
Stevens County,2020-10-25,1,0,0,0,0,1,0,0,2021/04/12 14:53:23
Stevens County,2020-11-01,1,0,0,0,0,1,0,0,2021/04/12 14:53:23
Stevens County,2020-11-08,6,0,0,0,0,4,2,0,2021/04/12 14:53:23
Stevens County,2020-11-15,4,0,0,1,1,2,0,0,2021/04/12 14:53:23
Stevens County,2020-11-22,10,0,1,0,3,4,2,0,2021/04/12 14:53:23
Stevens County,2020-11-29,4,0,0,1,1,2,0,0,2021/04/12 14:53:23
Stevens County,2020-12-06,3,0,0,0,0,3,0,0,2021/04/12 14:53:23
Stevens County,2020-12-13,1,0,0,0,0,1,0,0,2021/04/12 14:53:23
Stevens County,2020-12-20,10,0,0,1,3,3,3,0,2021/04/12 14:53:23
Stevens County,2020-12-27,1,0,0,0,0,0,1,0,2021/04/12 14:53:23
Stevens County,2021-01-03,7,0,0,0,2,5,0,0,2021/04/12 14:53:23
Stevens County,2021-01-10,8,0,0,1,2,4,1,0,2021/04/12 14:53:23
Stevens County,2021-01-17,2,0,0,0,1,1,0,0,2021/04/12 14:53:23
Stevens County,2021-01-24,4,0,0,0,1,3,0,0,2021/04/12 14:53:23
Stevens County,2021-01-31,4,0,2,0,1,1,0,0,2021/04/12 14:53:23
Stevens County,2021-02-07,6,0,2,0,1,1,2,0,2021/04/12 14:53:23
Stevens County,2021-02-14,2,1,0,0,1,0,0,0,2021/04/12 14:53:23
Stevens County,2021-02-21,4,0,2,0,1,1,0,0,2021/04/12 14:53:23
Stevens County,2021-02-28,1,0,0,0,0,1,0,0,2021/04/12 14:53:23
Stevens County,2021-03-07,2,0,0,0,0,2,0,0,2021/04/12 14:53:23
Stevens County,2021-03-14,1,0,0,0,0,1,0,0,2021/04/12 14:53:23
Stevens County,2021-03-21,2,0,0,1,0,0,1,0,2021/04/12 14:53:23
Stevens County,2021-03-28,3,0,0,0,1,1,1,0,2021/04/12 14:53:23
Stevens County,2021-04-04,5,0,0,2,0,2,1,0,2021/04/12 14:53:23
Stevens County,2021-04-11,1,0,0,0,1,0,0,0,2021/04/12 14:53:23
Thurston County,2020-03-08,4,0,0,1,2,1,0,0,2021/04/12 14:53:23
Thurston County,2020-03-15,1,0,0,0,1,0,0,0,2021/04/12 14:53:23
Thurston County,2020-03-22,4,0,0,0,2,0,2,0,2021/04/12 14:53:23
Thurston County,2020-03-29,3,0,0,1,2,0,0,0,2021/04/12 14:53:23
Thurston County,2020-04-05,2,0,0,0,1,1,0,0,2021/04/12 14:53:23
Thurston County,2020-04-12,1,0,0,1,0,0,0,0,2021/04/12 14:53:23
Thurston County,2020-04-19,1,0,0,0,0,1,0,0,2021/04/12 14:53:23
Thurston County,2020-04-26,1,0,0,0,0,1,0,0,2021/04/12 14:53:23
Thurston County,2020-05-24,3,0,0,0,1,1,1,0,2021/04/12 14:53:23
Thurston County,2020-05-31,6,0,0,2,1,0,3,0,2021/04/12 14:53:23
Thurston County,2020-06-07,7,0,0,1,0,2,4,0,2021/04/12 14:53:23
Thurston County,2020-06-14,1,0,1,0,0,0,0,0,2021/04/12 14:53:23
Thurston County,2020-06-21,1,0,0,0,1,0,0,0,2021/04/12 14:53:23
Thurston County,2020-06-28,4,0,0,0,0,3,1,0,2021/04/12 14:53:23
Thurston County,2020-07-05,6,0,1,0,4,0,1,0,2021/04/12 14:53:23
Thurston County,2020-07-12,6,1,2,1,1,0,1,0,2021/04/12 14:53:23
Thurston County,2020-07-19,6,0,0,2,1,1,2,0,2021/04/12 14:53:23
Thurston County,2020-07-26,5,0,0,1,2,1,1,0,2021/04/12 14:53:23
Thurston County,2020-08-02,4,1,0,0,0,2,1,0,2021/04/12 14:53:23
Thurston County,2020-08-09,5,0,1,0,1,1,2,0,2021/04/12 14:53:23
Thurston County,2020-08-16,6,0,0,1,3,2,0,0,2021/04/12 14:53:23
Thurston County,2020-08-23,8,1,0,1,4,2,0,0,2021/04/12 14:53:23
Thurston County,2020-08-30,4,0,1,1,0,2,0,0,2021/04/12 14:53:23
Thurston County,2020-09-06,4,0,0,1,0,3,0,0,2021/04/12 14:53:23
Thurston County,2020-09-13,4,0,0,0,1,3,0,0,2021/04/12 14:53:23
Thurston County,2020-09-20,4,0,1,0,0,3,0,0,2021/04/12 14:53:23
Thurston County,2020-09-27,7,0,1,1,1,2,2,0,2021/04/12 14:53:23
Thurston County,2020-10-04,2,0,1,0,0,0,1,0,2021/04/12 14:53:23
Thurston County,2020-10-11,14,1,0,2,2,6,3,0,2021/04/12 14:53:23
Thurston County,2020-10-18,9,0,0,0,3,5,1,0,2021/04/12 14:53:23
Thurston County,2020-10-25,17,0,0,1,6,7,3,0,2021/04/12 14:53:23
Thurston County,2020-11-01,12,0,1,1,4,5,1,0,2021/04/12 14:53:23
Thurston County,2020-11-08,15,0,1,0,5,6,3,0,2021/04/12 14:53:23
Thurston County,2020-11-15,17,0,0,3,6,5,3,0,2021/04/12 14:53:23
Thurston County,2020-11-22,21,0,3,5,3,8,2,0,2021/04/12 14:53:23
Thurston County,2020-11-29,19,0,0,3,4,9,3,0,2021/04/12 14:53:23
Thurston County,2020-12-06,18,2,1,1,5,2,7,0,2021/04/12 14:53:23
Thurston County,2020-12-13,13,0,2,2,4,5,0,0,2021/04/12 14:53:23
Thurston County,2020-12-20,16,0,1,4,4,5,2,0,2021/04/12 14:53:23
Thurston County,2020-12-27,18,2,1,2,5,5,3,0,2021/04/12 14:53:23
Thurston County,2021-01-03,24,0,3,4,8,6,3,0,2021/04/12 14:53:23
Thurston County,2021-01-10,24,1,1,1,7,9,5,0,2021/04/12 14:53:23
Thurston County,2021-01-17,13,0,0,1,4,4,4,0,2021/04/12 14:53:23
Thurston County,2021-01-24,19,0,6,2,5,5,1,0,2021/04/12 14:53:23
Thurston County,2021-01-31,15,0,3,1,2,6,3,0,2021/04/12 14:53:23
Thurston County,2021-02-07,11,0,1,2,1,3,4,0,2021/04/12 14:53:23
Thurston County,2021-02-14,10,0,0,3,3,3,1,0,2021/04/12 14:53:23
Thurston County,2021-02-21,13,0,1,3,4,3,2,0,2021/04/12 14:53:23
Thurston County,2021-02-28,6,0,1,1,0,3,1,0,2021/04/12 14:53:23
Thurston County,2021-03-07,8,0,0,2,1,3,2,0,2021/04/12 14:53:23
Thurston County,2021-03-14,6,0,1,1,2,1,1,0,2021/04/12 14:53:23
Thurston County,2021-03-21,8,0,0,2,4,2,0,0,2021/04/12 14:53:23
Thurston County,2021-03-28,2,0,1,0,0,1,0,0,2021/04/12 14:53:23
Thurston County,2021-04-04,10,0,0,1,5,2,2,0,2021/04/12 14:53:23
Thurston County,2021-04-11,1,0,0,0,0,0,1,0,2021/04/12 14:53:23
Wahkiakum County,2020-12-13,1,0,1,0,0,0,0,0,2021/04/12 14:53:23
Wahkiakum County,2021-01-10,1,0,0,0,1,0,0,0,2021/04/12 14:53:23
Wahkiakum County,2021-01-24,1,0,0,0,0,0,1,0,2021/04/12 14:53:23
Wahkiakum County,2021-02-14,1,0,0,0,0,0,1,0,2021/04/12 14:53:23
Wahkiakum County,2021-02-21,1,0,0,0,0,1,0,0,2021/04/12 14:53:23
Walla Walla County,2020-03-29,1,0,0,0,0,1,0,0,2021/04/12 14:53:23
Walla Walla County,2020-04-05,2,0,1,0,0,1,0,0,2021/04/12 14:53:23
Walla Walla County,2020-04-19,4,0,0,0,0,3,1,0,2021/04/12 14:53:23
Walla Walla County,2020-05-17,1,0,0,1,0,0,0,0,2021/04/12 14:53:23
Walla Walla County,2020-06-14,1,0,0,1,0,0,0,0,2021/04/12 14:53:23
Walla Walla County,2020-06-21,3,0,0,0,2,1,0,0,2021/04/12 14:53:23
Walla Walla County,2020-07-05,3,0,1,0,0,1,1,0,2021/04/12 14:53:23
Walla Walla County,2020-07-12,3,0,0,0,2,1,0,0,2021/04/12 14:53:23
Walla Walla County,2020-07-19,6,0,0,1,1,3,1,0,2021/04/12 14:53:23
Walla Walla County,2020-07-26,8,0,1,0,1,2,4,0,2021/04/12 14:53:23
Walla Walla County,2020-08-02,3,0,0,1,0,2,0,0,2021/04/12 14:53:23
Walla Walla County,2020-08-09,1,0,0,1,0,0,0,0,2021/04/12 14:53:23
Walla Walla County,2020-08-16,6,0,0,1,1,2,2,0,2021/04/12 14:53:23
Walla Walla County,2020-08-23,1,0,0,0,1,0,0,0,2021/04/12 14:53:23
Walla Walla County,2020-09-13,3,0,0,1,1,1,0,0,2021/04/12 14:53:23
Walla Walla County,2020-09-20,2,0,0,0,1,1,0,0,2021/04/12 14:53:23
Walla Walla County,2020-10-04,3,0,0,0,1,2,0,0,2021/04/12 14:53:23
Walla Walla County,2020-10-11,1,0,0,0,0,0,1,0,2021/04/12 14:53:23
Walla Walla County,2020-10-18,12,1,1,0,2,4,4,0,2021/04/12 14:53:23
Walla Walla County,2020-10-25,10,0,1,1,0,5,3,0,2021/04/12 14:53:23
Walla Walla County,2020-11-01,12,0,2,0,2,3,5,0,2021/04/12 14:53:23
Walla Walla County,2020-11-08,7,0,0,3,1,2,1,0,2021/04/12 14:53:23
Walla Walla County,2020-11-15,14,0,1,3,5,3,2,0,2021/04/12 14:53:23
Walla Walla County,2020-11-22,18,0,2,3,4,7,2,0,2021/04/12 14:53:23
Walla Walla County,2020-11-29,9,0,1,1,1,4,2,0,2021/04/12 14:53:23
Walla Walla County,2020-12-06,16,1,2,2,4,5,2,0,2021/04/12 14:53:23
Walla Walla County,2020-12-13,15,0,0,4,5,3,3,0,2021/04/12 14:53:23
Walla Walla County,2020-12-20,14,0,2,3,3,2,4,0,2021/04/12 14:53:23
Walla Walla County,2020-12-27,6,0,1,0,3,2,0,0,2021/04/12 14:53:23
Walla Walla County,2021-01-03,7,0,1,2,1,3,0,0,2021/04/12 14:53:23
Walla Walla County,2021-01-10,3,0,0,1,0,2,0,0,2021/04/12 14:53:23
Walla Walla County,2021-01-17,8,0,2,2,0,1,3,0,2021/04/12 14:53:23
Walla Walla County,2021-01-24,10,0,0,0,1,3,6,0,2021/04/12 14:53:23
Walla Walla County,2021-01-31,8,0,0,1,0,4,3,0,2021/04/12 14:53:23
Walla Walla County,2021-02-07,3,0,0,1,0,1,1,0,2021/04/12 14:53:23
Walla Walla County,2021-02-14,6,1,0,0,3,1,1,0,2021/04/12 14:53:23
Walla Walla County,2021-02-21,2,0,0,1,0,0,1,0,2021/04/12 14:53:23
Walla Walla County,2021-02-28,3,0,0,1,0,2,0,0,2021/04/12 14:53:23
Walla Walla County,2021-03-07,1,0,0,0,0,1,0,0,2021/04/12 14:53:23
Walla Walla County,2021-03-14,1,0,0,0,1,0,0,0,2021/04/12 14:53:23
Walla Walla County,2021-03-21,1,0,1,0,0,0,0,0,2021/04/12 14:53:23
Walla Walla County,2021-03-28,1,0,0,0,1,0,0,0,2021/04/12 14:53:23
Walla Walla County,2021-04-04,2,0,0,0,1,0,1,0,2021/04/12 14:53:23
Whatcom County,2020-03-01,1,0,0,0,0,1,0,0,2021/04/12 14:53:23
Whatcom County,2020-03-08,4,1,0,0,1,2,0,0,2021/04/12 14:53:23
Whatcom County,2020-03-15,13,0,0,1,5,2,5,0,2021/04/12 14:53:23
Whatcom County,2020-03-22,5,0,0,0,2,1,2,0,2021/04/12 14:53:23
Whatcom County,2020-03-29,7,0,2,1,1,0,3,0,2021/04/12 14:53:23
Whatcom County,2020-04-05,6,0,1,0,0,4,1,0,2021/04/12 14:53:23
Whatcom County,2020-04-12,3,0,0,0,1,1,1,0,2021/04/12 14:53:23
Whatcom County,2020-04-19,3,0,1,0,2,0,0,0,2021/04/12 14:53:23
Whatcom County,2020-04-26,2,0,0,1,0,0,1,0,2021/04/12 14:53:23
Whatcom County,2020-05-03,2,0,0,0,0,0,2,0,2021/04/12 14:53:23
Whatcom County,2020-05-17,1,0,1,0,0,0,0,0,2021/04/12 14:53:23
Whatcom County,2020-05-24,1,0,0,1,0,0,0,0,2021/04/12 14:53:23
Whatcom County,2020-06-14,1,0,0,1,0,0,0,0,2021/04/12 14:53:23
Whatcom County,2020-06-21,4,0,0,1,2,1,0,0,2021/04/12 14:53:23
Whatcom County,2020-06-28,5,0,0,3,2,0,0,0,2021/04/12 14:53:23
Whatcom County,2020-07-05,3,0,0,1,2,0,0,0,2021/04/12 14:53:23
Whatcom County,2020-07-12,5,0,1,1,2,0,1,0,2021/04/12 14:53:23
Whatcom County,2020-07-19,6,0,0,2,1,1,2,0,2021/04/12 14:53:23
Whatcom County,2020-07-26,3,0,0,1,1,1,0,0,2021/04/12 14:53:23
Whatcom County,2020-08-02,1,0,0,1,0,0,0,0,2021/04/12 14:53:23
Whatcom County,2020-08-09,1,0,0,0,1,0,0,0,2021/04/12 14:53:23
Whatcom County,2020-08-16,2,0,0,1,0,0,1,0,2021/04/12 14:53:23
Whatcom County,2020-08-23,1,0,0,0,0,1,0,0,2021/04/12 14:53:23
Whatcom County,2020-08-30,1,0,0,0,1,0,0,0,2021/04/12 14:53:23
Whatcom County,2020-09-06,8,0,1,4,1,2,0,0,2021/04/12 14:53:23
Whatcom County,2020-09-13,4,0,1,0,2,1,0,0,2021/04/12 14:53:23
Whatcom County,2020-09-20,2,0,0,0,0,0,2,0,2021/04/12 14:53:23
Whatcom County,2020-09-27,3,0,0,0,1,1,1,0,2021/04/12 14:53:23
Whatcom County,2020-10-04,2,0,0,0,1,1,0,0,2021/04/12 14:53:23
Whatcom County,2020-10-11,1,0,0,0,0,1,0,0,2021/04/12 14:53:23
Whatcom County,2020-10-18,3,0,1,0,0,2,0,0,2021/04/12 14:53:23
Whatcom County,2020-10-25,1,0,0,0,0,1,0,0,2021/04/12 14:53:23
Whatcom County,2020-11-01,8,0,2,0,5,1,0,0,2021/04/12 14:53:23
Whatcom County,2020-11-08,6,0,0,4,1,1,0,0,2021/04/12 14:53:23
Whatcom County,2020-11-15,12,0,2,2,4,3,1,0,2021/04/12 14:53:23
Whatcom County,2020-11-22,12,0,2,2,2,4,2,0,2021/04/12 14:53:23
Whatcom County,2020-11-29,13,0,0,2,2,4,5,0,2021/04/12 14:53:23
Whatcom County,2020-12-06,3,1,0,1,1,0,0,0,2021/04/12 14:53:23
Whatcom County,2020-12-13,7,0,0,2,1,1,3,0,2021/04/12 14:53:23
Whatcom County,2020-12-20,7,0,1,1,0,5,0,0,2021/04/12 14:53:23
Whatcom County,2020-12-27,11,1,1,0,3,1,5,0,2021/04/12 14:53:23
Whatcom County,2021-01-03,22,0,3,0,3,10,6,0,2021/04/12 14:53:23
Whatcom County,2021-01-10,29,1,2,3,7,9,7,0,2021/04/12 14:53:23
Whatcom County,2021-01-17,15,0,2,2,3,6,2,0,2021/04/12 14:53:23
Whatcom County,2021-01-24,15,1,0,2,1,5,6,0,2021/04/12 14:53:23
Whatcom County,2021-01-31,20,1,0,1,8,5,5,0,2021/04/12 14:53:23
Whatcom County,2021-02-07,5,0,0,0,2,1,2,0,2021/04/12 14:53:23
Whatcom County,2021-02-14,8,1,1,0,2,3,1,0,2021/04/12 14:53:23
Whatcom County,2021-02-21,4,1,1,1,0,1,0,0,2021/04/12 14:53:23
Whatcom County,2021-02-28,8,1,0,3,2,1,1,0,2021/04/12 14:53:23
Whatcom County,2021-03-07,3,0,0,1,0,1,1,0,2021/04/12 14:53:23
Whatcom County,2021-03-14,8,1,0,2,0,3,2,0,2021/04/12 14:53:23
Whatcom County,2021-03-21,5,0,0,1,2,1,1,0,2021/04/12 14:53:23
Whatcom County,2021-03-28,5,1,1,0,2,0,1,0,2021/04/12 14:53:23
Whatcom County,2021-04-04,2,0,0,0,1,0,1,0,2021/04/12 14:53:23
Whitman County,2020-06-21,1,0,0,1,0,0,0,0,2021/04/12 14:53:23
Whitman County,2020-08-02,1,0,0,1,0,0,0,0,2021/04/12 14:53:23
Whitman County,2020-09-13,1,0,0,0,0,0,1,0,2021/04/12 14:53:23
Whitman County,2020-09-27,1,0,0,0,0,0,1,0,2021/04/12 14:53:23
Whitman County,2020-10-04,6,0,0,0,1,5,0,0,2021/04/12 14:53:23
Whitman County,2020-10-11,4,0,2,0,1,1,0,0,2021/04/12 14:53:23
Whitman County,2020-10-18,9,0,0,1,4,2,2,0,2021/04/12 14:53:23
Whitman County,2020-10-25,4,0,0,0,0,2,2,0,2021/04/12 14:53:23
Whitman County,2020-11-01,6,0,1,0,2,1,2,0,2021/04/12 14:53:23
Whitman County,2020-11-15,5,0,1,1,1,2,0,0,2021/04/12 14:53:23
Whitman County,2020-11-22,4,0,0,0,0,1,3,0,2021/04/12 14:53:23
Whitman County,2020-11-29,3,0,1,0,0,1,1,0,2021/04/12 14:53:23
Whitman County,2020-12-06,6,1,0,2,0,1,2,0,2021/04/12 14:53:23
Whitman County,2020-12-13,3,0,0,1,0,2,0,0,2021/04/12 14:53:23
Whitman County,2020-12-20,4,0,0,0,1,0,3,0,2021/04/12 14:53:23
Whitman County,2020-12-27,7,0,1,0,0,1,5,0,2021/04/12 14:53:23
Whitman County,2021-01-03,8,0,0,1,1,0,6,0,2021/04/12 14:53:23
Whitman County,2021-01-10,6,0,0,1,1,3,1,0,2021/04/12 14:53:23
Whitman County,2021-01-17,2,0,0,0,0,2,0,0,2021/04/12 14:53:23
Whitman County,2021-01-24,3,0,0,1,0,1,1,0,2021/04/12 14:53:23
Whitman County,2021-01-31,1,0,0,0,1,0,0,0,2021/04/12 14:53:23
Whitman County,2021-02-07,1,0,0,0,1,0,0,0,2021/04/12 14:53:23
Whitman County,2021-02-14,1,0,1,0,0,0,0,0,2021/04/12 14:53:23
Whitman County,2021-02-21,2,0,1,1,0,0,0,0,2021/04/12 14:53:23
Whitman County,2021-03-21,3,0,1,1,1,0,0,0,2021/04/12 14:53:23
Whitman County,2021-03-28,1,0,1,0,0,0,0,0,2021/04/12 14:53:23
Whitman County,2021-04-04,1,0,0,0,0,1,0,0,2021/04/12 14:53:23
Yakima County,2020-02-02,2,0,0,0,0,0,2,0,2021/04/12 14:53:23
Yakima County,2020-02-09,1,0,1,0,0,0,0,0,2021/04/12 14:53:23
Yakima County,2020-02-16,3,0,0,0,0,2,1,0,2021/04/12 14:53:23
Yakima County,2020-03-01,1,0,0,0,0,1,0,0,2021/04/12 14:53:23
Yakima County,2020-03-15,6,0,0,1,2,2,1,0,2021/04/12 14:53:23
Yakima County,2020-03-22,15,0,1,5,7,1,1,0,2021/04/12 14:53:23
Yakima County,2020-03-29,27,2,0,3,4,12,6,0,2021/04/12 14:53:23
Yakima County,2020-04-05,32,0,4,6,8,11,3,0,2021/04/12 14:53:23
Yakima County,2020-04-12,16,0,2,3,4,5,2,0,2021/04/12 14:53:23
Yakima County,2020-04-19,28,0,2,6,9,10,1,0,2021/04/12 14:53:23
Yakima County,2020-04-26,24,0,1,8,4,7,4,0,2021/04/12 14:53:23
Yakima County,2020-05-03,31,0,4,8,8,8,3,0,2021/04/12 14:53:23
Yakima County,2020-05-10,32,1,4,6,7,5,9,0,2021/04/12 14:53:23
Yakima County,2020-05-17,49,1,8,13,16,8,3,0,2021/04/12 14:53:23
Yakima County,2020-05-24,62,1,5,12,22,16,6,0,2021/04/12 14:53:23
Yakima County,2020-05-31,43,0,7,8,11,13,4,0,2021/04/12 14:53:23
Yakima County,2020-06-07,63,0,7,17,22,13,4,0,2021/04/12 14:53:23
Yakima County,2020-06-14,61,1,5,8,17,19,11,0,2021/04/12 14:53:23
Yakima County,2020-06-21,52,0,5,12,13,12,10,0,2021/04/12 14:53:23
Yakima County,2020-06-28,50,2,7,5,12,10,14,0,2021/04/12 14:53:23
Yakima County,2020-07-05,26,0,1,7,7,5,6,0,2021/04/12 14:53:23
Yakima County,2020-07-12,44,3,7,8,12,9,5,0,2021/04/12 14:53:23
Yakima County,2020-07-19,29,2,2,6,6,8,5,0,2021/04/12 14:53:23
Yakima County,2020-07-26,18,0,3,6,5,4,0,0,2021/04/12 14:53:23
Yakima County,2020-08-02,21,0,5,5,8,3,0,0,2021/04/12 14:53:23
Yakima County,2020-08-09,23,0,2,5,9,4,3,0,2021/04/12 14:53:23
Yakima County,2020-08-16,13,1,0,5,2,4,1,0,2021/04/12 14:53:23
Yakima County,2020-08-23,9,0,1,1,5,0,2,0,2021/04/12 14:53:23
Yakima County,2020-08-30,6,0,1,2,1,2,0,0,2021/04/12 14:53:23
Yakima County,2020-09-06,10,0,0,2,3,4,1,0,2021/04/12 14:53:23
Yakima County,2020-09-13,9,0,0,1,3,5,0,0,2021/04/12 14:53:23
Yakima County,2020-09-20,10,1,0,1,6,0,2,0,2021/04/12 14:53:23
Yakima County,2020-09-27,5,0,0,1,0,3,1,0,2021/04/12 14:53:23
Yakima County,2020-10-04,6,0,0,1,2,2,1,0,2021/04/12 14:53:23
Yakima County,2020-10-11,8,1,0,1,1,4,1,0,2021/04/12 14:53:23
Yakima County,2020-10-18,3,0,0,1,1,0,1,0,2021/04/12 14:53:23
Yakima County,2020-10-25,16,0,2,2,1,5,6,0,2021/04/12 14:53:23
Yakima County,2020-11-01,7,1,0,0,2,2,2,0,2021/04/12 14:53:23
Yakima County,2020-11-08,18,0,1,4,3,4,6,0,2021/04/12 14:53:23
Yakima County,2020-11-15,30,0,3,7,9,8,3,0,2021/04/12 14:53:23
Yakima County,2020-11-22,21,0,1,3,5,8,4,0,2021/04/12 14:53:23
Yakima County,2020-11-29,25,1,2,4,10,5,3,0,2021/04/12 14:53:23
Yakima County,2020-12-06,47,0,3,7,11,23,3,0,2021/04/12 14:53:23
Yakima County,2020-12-13,39,0,8,4,6,12,9,0,2021/04/12 14:53:23
Yakima County,2020-12-20,75,1,5,15,16,28,10,0,2021/04/12 14:53:23
Yakima County,2020-12-27,60,0,8,9,4,29,10,0,2021/04/12 14:53:23
Yakima County,2021-01-03,60,1,9,7,21,12,10,0,2021/04/12 14:53:23
Yakima County,2021-01-10,44,0,2,7,14,12,9,0,2021/04/12 14:53:23
Yakima County,2021-01-17,21,0,0,5,6,7,3,0,2021/04/12 14:53:23
Yakima County,2021-01-24,27,0,0,7,8,9,3,0,2021/04/12 14:53:23
Yakima County,2021-01-31,22,0,4,4,2,6,6,0,2021/04/12 14:53:23
Yakima County,2021-02-07,9,1,0,2,2,3,1,0,2021/04/12 14:53:23
Yakima County,2021-02-14,22,0,4,0,6,9,3,0,2021/04/12 14:53:23
Yakima County,2021-02-21,16,1,1,4,5,3,2,0,2021/04/12 14:53:23
Yakima County,2021-02-28,10,2,2,1,4,1,0,0,2021/04/12 14:53:23
Yakima County,2021-03-07,12,1,2,2,4,2,1,0,2021/04/12 14:53:23
Yakima County,2021-03-14,13,0,1,2,7,3,0,0,2021/04/12 14:53:23
Yakima County,2021-03-21,8,0,1,2,3,2,0,0,2021/04/12 14:53:23
Yakima County,2021-03-28,23,0,1,3,6,7,6,0,2021/04/12 14:53:23
Yakima County,2021-04-04,16,0,0,7,4,4,1,0,2021/04/12 14:53:23
Unassigned,2020-07-19,2,0,0,1,1,0,0,0,2021/04/12 14:53:23
Unassigned,2020-08-09,2,0,1,1,0,0,0,0,2021/04/12 14:53:23
Unassigned,2020-08-16,1,0,1,0,0,0,0,0,2021/04/12 14:53:23
Unassigned,2020-08-23,1,0,0,0,0,0,1,0,2021/04/12 14:53:23
Unassigned,2020-08-30,1,0,0,0,0,1,0,0,2021/04/12 14:53:23
Unassigned,2020-10-25,2,0,1,0,1,0,0,0,2021/04/12 14:53:23
Unassigned,2020-11-08,1,0,0,0,1,0,0,0,2021/04/12 14:53:23
Unassigned,2020-12-06,2,0,1,0,1,0,0,0,2021/04/12 14:53:23
Unassigned,2020-12-20,1,0,0,0,1,0,0,0,2021/04/12 14:53:23
Unassigned,2020-12-27,1,0,0,0,1,0,0,0,2021/04/12 14:53:23
Unassigned,2021-02-07,1,0,0,0,0,0,1,0,2021/04/12 14:53:23
Unassigned,2021-02-14,3,0,0,1,2,0,0,0,2021/04/12 14:53:23
Unassigned,2021-02-21,1,0,0,0,1,0,0,0,2021/04/12 14:53:23
Unassigned,2021-03-07,1,0,0,0,1,0,0,0,2021/04/12 14:53:23
Adams County,Unknown,3,0,0,1,1,1,0,0,2021/04/12 14:53:23
Asotin County,Unknown,10,0,1,1,4,3,1,0,2021/04/12 14:53:23
Benton County,Unknown,13,3,1,6,2,1,0,0,2021/04/12 14:53:23
Chelan County,Unknown,5,0,1,1,1,1,1,0,2021/04/12 14:53:23
Clark County,Unknown,33,5,7,7,7,4,3,0,2021/04/12 14:53:23
Columbia County,Unknown,1,0,0,0,0,0,1,0,2021/04/12 14:53:23
Cowlitz County,Unknown,4,1,0,1,0,2,0,0,2021/04/12 14:53:23
Douglas County,Unknown,1,0,1,0,0,0,0,0,2021/04/12 14:53:23
Franklin County,Unknown,20,1,3,7,6,1,2,0,2021/04/12 14:53:23
Grant County,Unknown,4,0,1,0,2,1,0,0,2021/04/12 14:53:23
Grays Harbor County,Unknown,7,1,2,0,2,2,0,0,2021/04/12 14:53:23
Island County,Unknown,10,1,1,1,3,1,3,0,2021/04/12 14:53:23
King County,Unknown,44,1,6,12,9,8,8,0,2021/04/12 14:53:23
Kitsap County,Unknown,7,0,1,1,2,3,0,0,2021/04/12 14:53:23
Kittitas County,Unknown,8,0,0,2,2,2,2,0,2021/04/12 14:53:23
Klickitat County,Unknown,19,0,0,6,5,5,3,0,2021/04/12 14:53:23
Lewis County,Unknown,6,1,1,0,2,1,1,0,2021/04/12 14:53:23
Lincoln County,Unknown,3,2,0,0,0,1,0,0,2021/04/12 14:53:23
Mason County,Unknown,3,0,0,0,1,1,1,0,2021/04/12 14:53:23
Okanogan County,Unknown,16,2,1,2,4,3,4,0,2021/04/12 14:53:23
Pacific County,Unknown,5,0,0,1,3,1,0,0,2021/04/12 14:53:23
Pend Oreille County,Unknown,1,0,0,0,1,0,0,0,2021/04/12 14:53:23
Pierce County,Unknown,152,13,38,36,30,23,12,0,2021/04/12 14:53:23
Skagit County,Unknown,2,0,0,1,1,0,0,0,2021/04/12 14:53:23
Skamania County,Unknown,4,0,0,1,3,0,0,0,2021/04/12 14:53:23
Snohomish County,Unknown,22,2,3,6,2,5,4,0,2021/04/12 14:53:23
Spokane County,Unknown,25,2,8,6,3,4,2,0,2021/04/12 14:53:23
Thurston County,Unknown,17,2,4,2,2,6,1,0,2021/04/12 14:53:23
Walla Walla County,Unknown,8,1,1,2,3,1,0,0,2021/04/12 14:53:23
Whatcom County,Unknown,8,3,1,1,2,1,0,0,2021/04/12 14:53:23
Whitman County,Unknown,5,0,1,1,0,2,1,0,2021/04/12 14:53:23
Yakima County,Unknown,15,2,3,1,5,2,2,0,2021/04/12 14:53:23